{"val_loss": [0.6263662956980403, 0.5545667406808527, 0.4496905502348278, 0.472046025588193, 0.35262800277735373, 0.3695347061826069, 0.28786171751054107, 0.2686681579343484, 0.30475450819461636, 0.2878081411630643, 0.28103075587334764, 0.26117701145739664, 0.3321339417439227, 0.28436293904645454, 0.25881615018597537, 0.2858548074365103, 0.30827918280326905, 0.260770665858076, 0.26232549338584293, 0.2624716018192156, 0.285356589174553, 0.30568934475202014, 0.2672335700491108, 0.24487375555702, 0.25074341754221546, 0.23837170150437062, 0.2946282275114829, 0.2797398176085587, 0.2737771326925559, 0.23714789099643885, 0.28885121567438127, 0.27072097558519914, 0.3181920287610865, 0.26883877881097407, 0.30956014474615356, 0.30230491261496356, 0.3360093477961754, 0.24479336629612722, 0.2905475173633598, 0.23709092625064554, 0.3221784777039295, 0.34094380420191955, 0.25073695036630866, 0.2491729115216327, 0.24120301901482105, 0.22733318137104785, 0.22416089027172648, 0.1702334498352186, 0.19770289043964417, 0.23102103976311195, 0.20477577562119936, 0.17009109584826107, 0.19748811128732835, 0.18236385674286062, 0.18721779888592235, 0.19227984517839797, 0.2061707735413535, 0.1911087152256303, 0.19227678460711028, 0.17387183662926903, 0.17301070357213552, 0.1711138281142246, 0.16062554143213553, 0.1798986653974119, 0.1908296558339416, 0.05204068696452854, 0.062511252386531, 0.051773655777298026, 0.05182007230567889, 0.049702761134811146, 0.05028322602636591, 0.0515935235029995, 0.05535466623890952, 0.059245250340919944, 0.051654676169996146, 0.05805425454848036, 0.07479701508564043, 0.060285294595953554, 0.05533496218037324, 0.0616313440456215, 0.06596081504271747, 0.05379699081263685, 0.07152875962850724, 0.06323755575928898, 0.07267261911640376, 0.046917435106610735, 0.038612736248623554, 0.06810512876884164, 0.044945548532985755, 0.04660174959795135, 0.04873499760808563, 0.038670658319173455, 0.048361158088106766, 0.04011545186315906, 0.047683718753851724], "accuracy": [0.5599800944328308, 0.6938775777816772, 0.7371826767921448, 0.769537091255188, 0.7814833521842957, 0.8016425967216492, 0.8068690896034241, 0.8257839679718018, 0.8285216689109802, 0.8344947695732117, 0.8275261521339417, 0.8407738208770752, 0.8461921215057373, 0.8456543684005737, 0.8561508059501648, 0.836413562297821, 0.8427579402923584, 0.8651348948478699, 0.8586361408233643, 0.8529118895530701, 0.8656047582626343, 0.8549029231071472, 0.8613738417625427, 0.8554006814956665, 0.8685913681983948, 0.8658536672592163, 0.8536585569381714, 0.866815447807312, 0.8571428656578064, 0.8623693585395813, 0.867559552192688, 0.8781218528747559, 0.8755599856376648, 0.8646092414855957, 0.8763065934181213, 0.8692956566810608, 0.8673826456069946, 0.8832752704620361, 0.8819444179534912, 0.8741258978843689, 0.860771119594574, 0.8678090572357178, 0.8748469948768616, 0.8776009678840637, 0.8886169195175171, 0.8769890069961548, 0.8846389055252075, 0.8898409008979797, 0.8944308161735535, 0.8993268013000488, 0.9011628031730652, 0.8941248655319214, 0.9108009934425354, 0.9012345671653748, 0.9127907156944275, 0.9091187119483948, 0.9048347473144531, 0.9097307324409485, 0.9211165308952332, 0.9026927947998047, 0.917380690574646, 0.9191358089447021, 0.9241126179695129, 0.9146266579627991, 0.9195226430892944, 0.9767441749572754, 0.974602222442627, 0.9736841917037964, 0.9758262038230896, 0.9816401600837708, 0.9736043810844421, 0.9737654328346252, 0.9822521209716797, 0.9837821125984192, 0.9721542000770569, 0.9736841917037964, 0.9813341498374939, 0.9752141833305359, 0.9791921377182007, 0.9761322140693665, 0.9763349294662476, 0.9688271880149841, 0.9794981479644775, 0.9742111563682556, 0.9725308418273926, 0.9796723127365112, 0.9820987582206726, 0.9798041582107544, 0.977662205696106, 0.9796723127365112, 0.9759259223937988, 0.9820995330810547, 0.9850060939788818, 0.9856181144714355, 0.979938268661499], "val_accuracy": [0.7749814987182617, 0.7801628708839417, 0.8341968655586243, 0.8164322972297668, 0.9326424598693848, 0.8934122920036316, 0.9341228604316711, 0.9296817183494568, 0.9267209768295288, 0.9207994341850281, 0.9170984625816345, 0.9363434314727783, 0.8815692067146301, 0.9074759483337402, 0.9230200052261353, 0.9111769199371338, 0.8919318914413452, 0.923760175704956, 0.9252405762672424, 0.931902289390564, 0.9333826899528503, 0.9126573204994202, 0.9311621189117432, 0.9274611473083496, 0.9170984625816345, 0.9267209768295288, 0.9126573204994202, 0.9074759483337402, 0.9230200052261353, 0.9282013177871704, 0.9222797751426697, 0.9252405762672424, 0.9059955477714539, 0.9156180620193481, 0.9074759483337402, 0.9052553772926331, 0.9008142352104187, 0.9311621189117432, 0.9185788035392761, 0.923760175704956, 0.8900998830795288, 0.88101726770401, 0.9273387789726257, 0.9255222678184509, 0.9255222678184509, 0.9327883720397949, 0.9318801164627075, 0.9554949998855591, 0.9482288956642151, 0.9282470345497131, 0.9391462206840515, 0.9564032554626465, 0.9455040693283081, 0.9455040693283081, 0.9364214539527893, 0.9436875581741333, 0.9327883720397949, 0.9418710470199585, 0.9400544762611389, 0.9482288956642151, 0.9527702331542969, 0.9500454068183899, 0.9545867443084717, 0.9491371512413025, 0.9364214539527893, 0.9918256402015686, 0.9881925582885742, 0.9881925582885742, 0.9909173250198364, 0.9909173250198364, 0.9891008138656616, 0.9872843027114868, 0.9845594763755798, 0.9863760471343994, 0.9891008138656616, 0.9863760471343994, 0.9791098833084106, 0.9845594763755798, 0.9909173250198364, 0.9918256402015686, 0.9863760471343994, 0.990009069442749, 0.9818347096443176, 0.9909173250198364, 0.9854677319526672, 0.9909173250198364, 0.9918256402015686, 0.9881925582885742, 0.9909173250198364, 0.9918256402015686, 0.9909173250198364, 0.992733895778656, 0.992733895778656, 0.9918256402015686, 0.992733895778656], "loss": [2.227747503651381, 0.775060292053365, 0.669185638813429, 0.5907559827704404, 0.5694795694144701, 0.5119598727727067, 0.5102461307959036, 0.46325439416454345, 0.47143538365202675, 0.4440683038926587, 0.46022607018960654, 0.4614105953110589, 0.42922028448968574, 0.4174248398422123, 0.3933939038524552, 0.44886743541542706, 0.4187122741270633, 0.3956460393034852, 0.4077484679791748, 0.38303086792075736, 0.3920319340251583, 0.4152314370621372, 0.39653763444996876, 0.40890058760858994, 0.3852203795051266, 0.40698795682936534, 0.41856911041180017, 0.38038950815560324, 0.4162993346090679, 0.3917285530884032, 0.3783667693062434, 0.36276129628722364, 0.3798327447170639, 0.38456867214694673, 0.37072959402831057, 0.3808738432588085, 0.40400154910959324, 0.37027047554493664, 0.39765594207814764, 0.37999179741957567, 0.39591201118933383, 0.3760249924690963, 0.3589188792837403, 0.3379285685727179, 0.3213931604498266, 0.3621271477451929, 0.3319313426204527, 0.3076759701369004, 0.3078203839654584, 0.29783027131347534, 0.28207970156609063, 0.3043656550539313, 0.26302388212779193, 0.2876001608477515, 0.25725509448380485, 0.25657815457238486, 0.2815503646212663, 0.2590403184933061, 0.23542341799701302, 0.25914109494343895, 0.24026569219778043, 0.23595189208417763, 0.2334550611829816, 0.24058442195305188, 0.2362955954231349, 0.06913137089459949, 0.08224195494764511, 0.07759465268872043, 0.0826737728762706, 0.06928344883406996, 0.08155363045652053, 0.07466441600926496, 0.07014825021797196, 0.05737352435029063, 0.07398991159235659, 0.07885187182055656, 0.07009363753522763, 0.08706671969727987, 0.07472555420613383, 0.07702034763818563, 0.07230715820050428, 0.09017966001957115, 0.06586064302149905, 0.08210425747748355, 0.0860095292796886, 0.07265376242259698, 0.061492425622418516, 0.06690603835825128, 0.07317539841572741, 0.06812532095281516, 0.07162627900625798, 0.06480416976692759, 0.06770291620215134, 0.0619709233820639, 0.06883667677354907]}