{"val_loss": [0.5508067752392273, 0.518002487794042, 0.5100506047112399, 0.261502283435291, 0.22960012376117575, 0.2855482595714537, 0.31175596913883474, 0.20540768114981145, 0.212610403503558, 0.21459920716592112, 0.40229026733983686, 0.2549382888005615, 0.2872481692960692, 0.20327106975564307, 0.3140455347512255, 0.2238266361648965, 0.19880969172909393, 0.2469035097332254, 0.2177112027389242, 0.29347642966139675, 0.1870730071032909, 0.21910102004381296, 0.18676389185992928, 0.23699088610686558, 0.2309611079974095, 0.2601691538268617, 0.18423280393242944, 0.17968356771069116, 0.19310511375819175, 0.23737979699386333, 0.2067709983942548, 0.23728964327470708, 0.22391357075181012, 0.2784037014839307, 0.21212508017665896, 0.19031264205366946, 0.1960632792875948, 0.18625689379373278, 0.1882823124201585, 0.25342189605890586, 0.22724411155677451, 0.2076482339255164, 0.22619149011831596, 0.2023696651407888, 0.21215690878600782, 0.20315940331493837, 0.23346119947912136, 0.22433364623774113, 0.28647615882582544, 0.2118624773230966], "loss": [3.1735606565864867, 0.6163205370054406, 0.5248069742611267, 0.453011069183908, 0.4336221356421296, 0.3774376070554525, 0.37113018589229174, 0.3559858170698163, 0.3602574087507185, 0.3367448333599167, 0.3443492825942341, 0.34929497021378253, 0.34118173527314805, 0.34702332938213376, 0.3299157179008096, 0.30992982393512375, 0.30764327696732635, 0.32491183890767383, 0.31500288047919084, 0.28868120912663403, 0.28564454578839027, 0.3180784363226563, 0.2788733116132239, 0.2731729804413344, 0.27693474557256476, 0.2758705929817147, 0.260474855408949, 0.2694051799862337, 0.27774726624859836, 0.2832758884767906, 0.2868505689662461, 0.2821498179219904, 0.28574199738046974, 0.2631767519863067, 0.2796017585180224, 0.2692606576955786, 0.2751594099544695, 0.2663791443469528, 0.25073173711957475, 0.25251910452299015, 0.26174664901474776, 0.24116010651428638, 0.2633502890593281, 0.2574722879720414, 0.25781685472085775, 0.2719978312505226, 0.25473931846563963, 0.26609713443438704, 0.27737088132576615, 0.23581728369502697], "val_accuracy": [0.8408051133155823, 0.819762110710144, 0.7731015682220459, 0.8975297212600708, 0.921317458152771, 0.8874657154083252, 0.8746569156646729, 0.9332113265991211, 0.9451051950454712, 0.9277218580245972, 0.8206770420074463, 0.9075937867164612, 0.8801463842391968, 0.9295517206192017, 0.8892955183982849, 0.9112534523010254, 0.9295517206192017, 0.9002744555473328, 0.9341262578964233, 0.8801463842391968, 0.9505947232246399, 0.9249771237373352, 0.9451051950454712, 0.9048490524291992, 0.9258920550346375, 0.8929551839828491, 0.9569990634918213, 0.9377859234809875, 0.9304665923118591, 0.9048490524291992, 0.9158279895782471, 0.9075937867164612, 0.9112534523010254, 0.863677978515625, 0.9359560608863831, 0.9295517206192017, 0.9258920550346375, 0.9350411891937256, 0.9277218580245972, 0.8920402526855469, 0.9112534523010254, 0.9194876551628113, 0.9085087180137634, 0.921317458152771, 0.9286367893218994, 0.924062192440033, 0.9066788554191589, 0.9121683239936829, 0.8892955183982849, 0.9139981865882874], "accuracy": [0.5916795134544373, 0.7432973980903625, 0.806779682636261, 0.820647120475769, 0.8348228335380554, 0.8573189377784729, 0.8634822964668274, 0.874268114566803, 0.8733435869216919, 0.8767334222793579, 0.8736517429351807, 0.8817402124404907, 0.883446991443634, 0.8785824179649353, 0.8807395696640015, 0.8915254473686218, 0.8979969024658203, 0.8927580714225769, 0.8881739974021912, 0.8983260989189148, 0.8983050584793091, 0.892463207244873, 0.8973961472511292, 0.906317412853241, 0.9047765731811523, 0.9050847291946411, 0.9160539507865906, 0.9010785818099976, 0.9113453030586243, 0.9084745645523071, 0.90625, 0.9016948938369751, 0.902927577495575, 0.9127889275550842, 0.909175455570221, 0.9114583134651184, 0.9042157530784607, 0.9146379232406616, 0.9075500965118408, 0.9195685386657715, 0.918952226638794, 0.9121725559234619, 0.9172794222831726, 0.9172349572181702, 0.9112480878829956, 0.9093137383460999, 0.9138251543045044, 0.9177195429801941, 0.9132965803146362, 0.9161787629127502]}