{"val_loss": [0.6263662956980403, 0.5545667406808527, 0.4496905502348278, 0.472046025588193, 0.35262800277735373, 0.3695347061826069, 0.28786171751054107, 0.2686681579343484, 0.30475450819461636, 0.2878081411630643, 0.28103075587334764, 0.26117701145739664, 0.3321339417439227, 0.28436293904645454, 0.25881615018597537, 0.2858548074365103, 0.30827918280326905, 0.260770665858076, 0.26232549338584293, 0.2624716018192156, 0.285356589174553, 0.30568934475202014, 0.2672335700491108, 0.24487375555702, 0.25074341754221546, 0.23837170150437062, 0.2946282275114829, 0.2797398176085587, 0.2737771326925559, 0.23714789099643885, 0.28885121567438127, 0.27072097558519914, 0.3181920287610865, 0.26883877881097407, 0.30956014474615356, 0.30230491261496356, 0.3360093477961754, 0.24479336629612722, 0.2905475173633598, 0.23709092625064554], "val_accuracy": [0.7749814987182617, 0.7801628708839417, 0.8341968655586243, 0.8164322972297668, 0.9326424598693848, 0.8934122920036316, 0.9341228604316711, 0.9296817183494568, 0.9267209768295288, 0.9207994341850281, 0.9170984625816345, 0.9363434314727783, 0.8815692067146301, 0.9074759483337402, 0.9230200052261353, 0.9111769199371338, 0.8919318914413452, 0.923760175704956, 0.9252405762672424, 0.931902289390564, 0.9333826899528503, 0.9126573204994202, 0.9311621189117432, 0.9274611473083496, 0.9170984625816345, 0.9267209768295288, 0.9126573204994202, 0.9074759483337402, 0.9230200052261353, 0.9282013177871704, 0.9222797751426697, 0.9252405762672424, 0.9059955477714539, 0.9156180620193481, 0.9074759483337402, 0.9052553772926331, 0.9008142352104187, 0.9311621189117432, 0.9185788035392761, 0.923760175704956], "accuracy": [0.5599800944328308, 0.6938775777816772, 0.7371826767921448, 0.769537091255188, 0.7814833521842957, 0.8016425967216492, 0.8068690896034241, 0.8257839679718018, 0.8285216689109802, 0.8344947695732117, 0.8275261521339417, 0.8407738208770752, 0.8461921215057373, 0.8456543684005737, 0.8561508059501648, 0.836413562297821, 0.8427579402923584, 0.8651348948478699, 0.8586361408233643, 0.8529118895530701, 0.8656047582626343, 0.8549029231071472, 0.8613738417625427, 0.8554006814956665, 0.8685913681983948, 0.8658536672592163, 0.8536585569381714, 0.866815447807312, 0.8571428656578064, 0.8623693585395813, 0.867559552192688, 0.8781218528747559, 0.8755599856376648, 0.8646092414855957, 0.8763065934181213, 0.8692956566810608, 0.8673826456069946, 0.8832752704620361, 0.8819444179534912, 0.8741258978843689], "loss": [2.227747503651381, 0.775060292053365, 0.669185638813429, 0.5907559827704404, 0.5694795694144701, 0.5119598727727067, 0.5102461307959036, 0.46325439416454345, 0.47143538365202675, 0.4440683038926587, 0.46022607018960654, 0.4614105953110589, 0.42922028448968574, 0.4174248398422123, 0.3933939038524552, 0.44886743541542706, 0.4187122741270633, 0.3956460393034852, 0.4077484679791748, 0.38303086792075736, 0.3920319340251583, 0.4152314370621372, 0.39653763444996876, 0.40890058760858994, 0.3852203795051266, 0.40698795682936534, 0.41856911041180017, 0.38038950815560324, 0.4162993346090679, 0.3917285530884032, 0.3783667693062434, 0.36276129628722364, 0.3798327447170639, 0.38456867214694673, 0.37072959402831057, 0.3808738432588085, 0.40400154910959324, 0.37027047554493664, 0.39765594207814764, 0.37999179741957567]}