{"accuracy": [0.5155382752418518, 0.6254162192344666, 0.6720311045646667, 0.7136514782905579, 0.7513827681541443, 0.7605790495872498, 0.7694228887557983, 0.7602663636207581, 0.7838512659072876, 0.794800877571106, 0.7928730249404907, 0.7760821580886841, 0.7974472641944885, 0.8013318777084351, 0.8035516142845154, 0.8071587085723877, 0.7964601516723633, 0.8112472295761108, 0.8041065335273743, 0.8182575106620789, 0.8174778819084167, 0.8134744167327881, 0.8177025318145752, 0.814927875995636, 0.8183075189590454, 0.8154231905937195, 0.8165926933288574, 0.8146504163742065, 0.814712405204773, 0.8271365165710449], "val_loss": [0.8779903383954732, 0.8014769055876767, 0.501999557706215, 0.497354854681427, 0.4958307669119509, 0.42675491614668015, 0.5206822084181582, 0.5206418615034171, 0.4284582717646672, 0.5195829795592104, 0.41014851702212896, 0.4068993672249441, 0.4453681069568279, 0.40233712459730886, 0.38980022957279775, 0.33552459097311504, 0.350530278456673, 0.35346426002171444, 0.32036020994333814, 0.37555113518326516, 0.4562159346974004, 0.3645731682189712, 0.3602257244417909, 0.4069666295924269, 0.42986398070485554, 0.31799439904076543, 0.3405825149786934, 0.3409683466055918, 0.3437462173162761, 0.33841525390437094], "val_accuracy": [0.7526792883872986, 0.7213520407676697, 0.8103874921798706, 0.8095630407333374, 0.8211047053337097, 0.845012366771698, 0.8433635830879211, 0.8680956363677979, 0.8730420470237732, 0.8095630407333374, 0.896125316619873, 0.8763396739959717, 0.8631492257118225, 0.8590272068977356, 0.8944765329360962, 0.9134377837181091, 0.8887056708335876, 0.9076669216156006, 0.896125316619873, 0.9010717272758484, 0.8705688118934631, 0.881286084651947, 0.8821104764938354, 0.8763396739959717, 0.8565539717674255, 0.90024733543396, 0.9117889404296875, 0.8771640658378601, 0.8887056708335876, 0.9117889404296875], "loss": [3.482301881257755, 0.9265332919246746, 0.8111806697771367, 0.7105285510106568, 0.6414343593394862, 0.6515651196573253, 0.6201698457228886, 0.6419540650968943, 0.6049718551842143, 0.5748824491701295, 0.5549475253955825, 0.5842498579909084, 0.5488631854311343, 0.5507987736332562, 0.5195308484790327, 0.5241538347732214, 0.5484129110005049, 0.5036417265113584, 0.5228073686262082, 0.4954045335539967, 0.5083395585549616, 0.5043743707090285, 0.5052688406257333, 0.47910831728071535, 0.5105806494181135, 0.48536707888998276, 0.5008356917182296, 0.5035816008322247, 0.4819441973108106, 0.4783898555114452]}