{"accuracy": [0.42515453696250916, 0.5689579248428345, 0.6234912872314453, 0.6535177826881409, 0.6792022585868835, 0.6991463303565979, 0.7100382447242737, 0.722549319267273, 0.7337356209754944, 0.7435237169265747, 0.7511774897575378, 0.7586841583251953, 0.7652340531349182, 0.7714159488677979, 0.7757580280303955, 0.7806888222694397, 0.7815719842910767, 0.7912864089012146, 0.7914336323738098, 0.7939358353614807, 0.9328819513320923], "val_accuracy": [0.6308370232582092, 0.6649779677391052, 0.7125550508499146, 0.7220264077186584, 0.7603524327278137, 0.7511013150215149, 0.7726871967315674, 0.7982378602027893, 0.8059471249580383, 0.7938326001167297, 0.8270925283432007, 0.8310572504997253, 0.807929515838623, 0.8196035027503967, 0.8140969276428223, 0.8359031081199646, 0.8372246623039246, 0.8268722295761108, 0.8394272923469543, 0.8345814943313599, 0.9654185175895691], "val_loss": [1.257430163669166, 1.0415580797300465, 0.9132877615054799, 0.8340853024684385, 0.7432345067877076, 0.7450314443542043, 0.6835024696614774, 0.6268833450283773, 0.6059670810132299, 0.6157655213372822, 0.5587518705670529, 0.5317967430085337, 0.5705523441016411, 0.5423412981012319, 0.5467355769636347, 0.4973888025935001, 0.4939340284742448, 0.4987460531852319, 0.47844996657140454, 0.48367679211011544, 0.09995704300307755], "loss": [1.7518854697100865, 1.3267642925653802, 1.1611022279828935, 1.059320677070713, 0.9810070532330493, 0.9336950482253927, 0.8797846161199732, 0.8529127000323596, 0.8125056239272133, 0.7831518396511477, 0.7619412745803393, 0.7413175841587798, 0.725967165404009, 0.6987338595471735, 0.6839667405666658, 0.6710404162902428, 0.6563509240338548, 0.6454020288715582, 0.6318975990226348, 0.622659420033641, 0.21264445743983304]}