{"val_accuracy": [0.3077092468738556, 0.3396475911140442, 0.3861233592033386, 0.42378854751586914, 0.43744492530822754, 0.446035236120224, 0.45264318585395813, 0.46035242080688477, 0.4647577106952667, 0.4801762104034424, 0.4812775254249573, 0.4821586012840271, 0.4889867901802063, 0.4863436222076416, 0.5015418529510498, 0.5048457980155945, 0.5088105797767639, 0.507048487663269, 0.5123348236083984, 0.5176211595535278, 0.5178413987159729, 0.5292951464653015, 0.5310572981834412], "accuracy": [0.31020018458366394, 0.44841036200523376, 0.5730791687965393, 0.6376950144767761, 0.6764792203903198, 0.6929643750190735, 0.7198998928070068, 0.7352075576782227, 0.7409479022026062, 0.7580217719078064, 0.7639093399047852, 0.7682514190673828, 0.7747277021408081, 0.7856932878494263, 0.7892993688583374, 0.7984250783920288, 0.800632894039154, 0.8028407692909241, 0.8080146908760071, 0.8115792870521545, 0.8198529481887817, 0.8173983693122864, 0.8219016790390015], "val_loss": [1.9208000074924352, 1.7986840131524375, 1.6986135820985366, 1.6257391338306377, 1.5833951104580044, 1.5281236572937817, 1.5135696687362268, 1.512816531332579, 1.4963227631237013, 1.474304879079306, 1.4872113169027321, 1.4860836452324484, 1.5022561075403826, 1.5353408118176566, 1.4720588471921006, 1.452382234224664, 1.478087553263761, 1.4949016765350813, 1.5083781903010633, 1.5138903081154509, 1.486845069099628, 1.4663629160053404, 1.479474959814601], "loss": [1.9642103278429885, 1.669869365887253, 1.458726968805966, 1.3135758892100875, 1.1930378589484143, 1.1075095301485778, 1.0287540698353248, 0.9595607428962004, 0.9240927664293834, 0.8726230438997158, 0.8352460386755188, 0.8047736512937369, 0.780148567962478, 0.7467296486536755, 0.7279651628054343, 0.7018304199708502, 0.6821157882450116, 0.6679766297445671, 0.6469976754749522, 0.6369021365975519, 0.6172883874528549, 0.608155028972474, 0.5957792632748949]}