{"loss": [1.2526047404413085, 1.1260035354209925, 1.037261198416402, 0.9657164719472583, 0.8900711496715144, 0.8366298233629199, 0.7899370342327673, 0.7365597473265196, 0.708205023960321, 0.6708212686696408, 0.6364831593669082, 0.6062559729543299, 0.5751559507105909, 0.5579307654262644, 0.5420465509185282, 0.5174960159094988, 0.4914732955412769, 0.49222430127045425, 0.47632709327469125, 0.4568680625046249, 0.45521877912781744], "val_loss": [1.252093761790811, 1.188599736358347, 1.1304433815555934, 1.0803856975955601, 1.044030781285584, 1.0167900760706456, 0.9818574182277657, 0.9277117025822721, 0.9160339204811008, 0.887568156530517, 0.8511568803189711, 0.8365308844836802, 0.8238062261552331, 0.7961446484650646, 0.7897901808733991, 0.7728225470375445, 0.7591944856282019, 0.7349293679121792, 0.725032759715188, 0.7264328176878939, 0.7376050485232009], "accuracy": [0.4109323024749756, 0.5366259813308716, 0.6334628462791443, 0.6925638318061829, 0.7244728207588196, 0.7544395327568054, 0.7680355310440063, 0.7885682582855225, 0.8035516142845154, 0.8160377144813538, 0.825194239616394, 0.8371254205703735, 0.8479467034339905, 0.8514933586120605, 0.8516147136688232, 0.8592367172241211, 0.8641425371170044, 0.8679245114326477, 0.8670921325683594, 0.8744469285011292, 0.8751387596130371], "val_accuracy": [0.3899422883987427, 0.4830997586250305, 0.5663644075393677, 0.6059356927871704, 0.6059356927871704, 0.6108821034431458, 0.6248969435691833, 0.6933223605155945, 0.6727122664451599, 0.692497968673706, 0.7172300219535828, 0.7122836112976074, 0.7040395736694336, 0.7295960187911987, 0.7254740595817566, 0.7320692539215088, 0.7353668808937073, 0.7617477178573608, 0.7444353103637695, 0.7370156645774841, 0.7320692539215088]}