{"loss": [1.6651708410177155, 1.658467629603649, 1.6508437816907913, 1.6446477085623912, 1.6505319210301788, 1.6640332639305109, 1.6522896946757408, 1.6606455543373204, 1.6467040486289433, 1.6616732652376145, 1.6507784021858751, 1.6451928925787942, 1.6405749875796625, 1.6383635773531016, 1.6486263796621328, 1.6578847441953772, 1.6524386640394444, 1.649296747925775, 1.6500293929892005, 1.6375352969968322, 1.6474467825110533, 1.6499610284092778, 1.636116161709994, 1.6351706706884506, 1.6324503743230927, 1.6438193696717989, 1.6378786543870554, 1.634174355556588, 1.647722985135972, 1.65180862999187, 1.6407749020846267, 1.6345547056563083, 1.6356691903565468, 1.6318177591536653, 1.6465003516065537, 1.637491531852136, 1.6448861301945419, 1.6333555402494648, 1.6287532827592366, 1.632705552668511, 1.6176975394193656], "val_loss": [1.5934208801664445, 1.5981552137677364, 1.587663088601066, 1.5888415225276864, 1.5792128741478604, 1.5723606605361737, 1.5846555281315606, 1.5902183853056988, 1.580970941661213, 1.5857531145280679, 1.5917692326239028, 1.5888462904791474, 1.6421721863851673, 1.583537859853669, 1.5880274790499178, 1.5810682632849604, 1.690034856040047, 1.6143910114985731, 1.5780363760330605, 1.58111964395918, 1.6102311845392907, 1.5834863467363534, 1.5852512442593008, 1.5864544953543709, 1.5676958344581369, 1.595951072445, 1.590539833417548, 1.6111669952123702, 1.6545412607655126, 1.566019505131087, 1.5874960742858013, 1.6008985416479573, 1.5840322415734178, 1.5847627584104496, 1.6354715480678408, 1.582148421073275, 1.6419332889733336, 1.572599142763583, 1.5745867298563145, 1.6389440899903553, 1.5965540870170762], "val_accuracy": [0.43942731618881226, 0.44008809328079224, 0.4418502151966095, 0.4429515302181244, 0.44361233711242676, 0.44317179918289185, 0.4411894381046295, 0.4429515302181244, 0.44779735803604126, 0.44405287504196167, 0.445374459028244, 0.4475770890712738, 0.44625550508499146, 0.4502202570438385, 0.449779748916626, 0.45044052600860596, 0.4433920681476593, 0.4491189420223236, 0.44735682010650635, 0.446035236120224, 0.44779735803604126, 0.4444933831691742, 0.44361233711242676, 0.4429515302181244, 0.44823789596557617, 0.44933921098709106, 0.4449339210987091, 0.4506607949733734, 0.4455947279930115, 0.44933921098709106, 0.4471365511417389, 0.44823789596557617, 0.4475770890712738, 0.44669604301452637, 0.44735682010650635, 0.4511013329029083, 0.4491189420223236, 0.44933921098709106, 0.4502202570438385, 0.4449339210987091, 0.4444933831691742], "accuracy": [0.3819546699523926, 0.3846040666103363, 0.38725346326828003, 0.3866647183895111, 0.38541358709335327, 0.3819546699523926, 0.3874742388725281, 0.38077715039253235, 0.3869590759277344, 0.38129231333732605, 0.3854871988296509, 0.388062983751297, 0.3926258385181427, 0.3921842873096466, 0.38938769698143005, 0.38308823108673096, 0.3840601146221161, 0.38784220814704895, 0.3850456178188324, 0.3897556662559509, 0.38430967926979065, 0.38776862621307373, 0.3916691243648529, 0.39240506291389465, 0.38879895210266113, 0.3905652165412903, 0.38843098282814026, 0.3952016532421112, 0.3881365954875946, 0.3889461159706116, 0.3895348906517029, 0.3924786448478699, 0.39093318581581116, 0.38990285992622375, 0.389976441860199, 0.3926994502544403, 0.3875478506088257, 0.39534884691238403, 0.39085957407951355, 0.3926994502544403, 0.39630556106567383]}