{"val_loss": [0.9770793777184906, 0.7540753415099081, 0.6225078823897544, 0.5363052253805394, 0.4760256824056852, 0.4434693340362041, 0.40985198729547556, 0.39633634102550136, 0.3577055128498027, 0.34045182739881646, 0.33957340152771903, 0.3163316640994655, 0.29934796312645123, 0.2790725913684698, 0.27956842510824653, 0.27521515841612715, 0.2560713660500841, 0.25093444961064265, 0.24999431639659306, 0.2365913053975333, 0.23358406044776753, 0.2381171835326927, 0.2119385247167788, 0.2115289027358198, 0.23010859040692547, 0.21330370463691206, 0.208054690645272, 0.19739773408178204, 0.20057826734871687, 0.20129939930555515, 0.1953303278289976, 0.18875929825288013, 0.1932203750423049, 0.19470342941341648, 0.18037330506189056, 0.18015361628513693, 0.17796147686883657, 0.1717658319330516, 0.17439367070510714, 0.17563628586324667, 0.1852758967032189, 0.17075217815345892, 0.17130511739628604, 0.16964703601072817, 0.16191792031540012, 0.175313952123958, 0.15646233498615167, 0.15141124293712296, 0.16070313477531992, 0.15070806123886368, 0.14680385821585842, 0.14935834331982487, 0.1503946573038127, 0.1459860451600223, 0.15258808174507907, 0.15217362459351905, 0.14697231955196888, 0.158934540857142, 0.1412508778186735, 0.14204419500819354, 0.13890711757470184, 0.1347233262860448, 0.14889764182816587, 0.1364754021269908, 0.13713142390650018, 0.13632298219818845, 0.13362500139737435, 0.1348001920831897, 0.133799318169408, 0.13957589586199068], "accuracy": [0.5006281137466431, 0.6564693450927734, 0.7112244367599487, 0.7457326650619507, 0.7728515267372131, 0.7923594117164612, 0.8043301701545715, 0.8185915946960449, 0.8245030641555786, 0.8334441781044006, 0.8418680429458618, 0.8496268391609192, 0.853395402431488, 0.8538387417793274, 0.8627798557281494, 0.8675090670585632, 0.8714993000030518, 0.8714253902435303, 0.8758590221405029, 0.8819921612739563, 0.8831005692481995, 0.8862041234970093, 0.8876819610595703, 0.8893815279006958, 0.8933717608451843, 0.8982487320899963, 0.897805392742157, 0.8957594633102417, 0.8999999761581421, 0.9026823043823242, 0.9050469398498535, 0.9042341113090515, 0.9051207900047302, 0.9043818712234497, 0.9114017486572266, 0.911716878414154, 0.9103474020957947, 0.9142097234725952, 0.9119189977645874, 0.9146530628204346, 0.9125101566314697, 0.9154658913612366, 0.9153181314468384, 0.9176827073097229, 0.9175348877906799, 0.9175348877906799, 0.9196039438247681, 0.9206384420394897, 0.9199733734130859, 0.9231508374214172, 0.9241282343864441, 0.9194383025169373, 0.9235941767692566, 0.9254580140113831, 0.9255728125572205, 0.9247764945030212, 0.9273049831390381, 0.9283813834190369, 0.9260326623916626, 0.9275844097137451, 0.9281755685806274, 0.9281755685806274, 0.9315007925033569, 0.9351954460144043, 0.9295056462287903, 0.9320180416107178, 0.9310573935508728, 0.9320919513702393, 0.9351215362548828, 0.935417115688324], "val_accuracy": [0.6811145544052124, 0.743697464466095, 0.7976558804512024, 0.8343653082847595, 0.8438743948936462, 0.8569217324256897, 0.87151700258255, 0.8686422109603882, 0.8850066065788269, 0.8883237242698669, 0.8900928497314453, 0.902255654335022, 0.9104378819465637, 0.9137549996376038, 0.9155241250991821, 0.9104378819465637, 0.9214949011802673, 0.9261388778686523, 0.9208315014839172, 0.9248120188713074, 0.9248120188713074, 0.9201680421829224, 0.9338788390159607, 0.9338788390159607, 0.9186200499534607, 0.9301193952560425, 0.9305617213249207, 0.9374170899391174, 0.9365324974060059, 0.9332153797149658, 0.9374170899391174, 0.9444935917854309, 0.9383016228675842, 0.9363113641738892, 0.9409553408622742, 0.9411764740943909, 0.9420610070228577, 0.9493587017059326, 0.9440513253211975, 0.9438301920890808, 0.9416187405586243, 0.946483850479126, 0.9462627172470093, 0.9447147250175476, 0.9502432346343994, 0.9420610070228577, 0.9513489603996277, 0.9542238116264343, 0.947810709476471, 0.9502432346343994, 0.9546660780906677, 0.9535603523254395, 0.952454686164856, 0.953118085861206, 0.9526758193969727, 0.9515700936317444, 0.9517912268638611, 0.9513489603996277, 0.9548872113227844, 0.9535603523254395, 0.9542238116264343, 0.9573197960853577, 0.9504643678665161, 0.9548872113227844, 0.9586465954780579, 0.955771803855896, 0.9555506706237793, 0.9588677287101746, 0.9573197960853577, 0.9548872113227844], "loss": [1.4898451627212521, 1.0214544284161378, 0.8549133142980673, 0.7499369462842046, 0.6740021230833921, 0.6264584146757696, 0.5891051718015888, 0.5506394446614065, 0.5226022065905839, 0.4984706392760711, 0.483124788030503, 0.45951196759210267, 0.4504362766286235, 0.436793103341754, 0.41675579125500833, 0.4028578422699906, 0.3905599492731498, 0.3867031190309558, 0.3764835879077829, 0.35710280598297817, 0.35327142185905175, 0.34912287487314586, 0.3408239494480932, 0.33566017724947433, 0.3256943064791959, 0.3128095983166234, 0.31689090293341515, 0.31195292921283285, 0.30265805132395235, 0.2946061646538405, 0.2893395123619696, 0.2923259355052386, 0.2876213849590648, 0.28333177732045395, 0.27181102243951777, 0.2719372754771236, 0.27051120714531596, 0.26527259640160555, 0.2632141837385412, 0.26280396260849115, 0.2613803219455648, 0.2566960075892041, 0.2504461573134467, 0.2496095567045372, 0.2508413180943419, 0.2485062351342554, 0.2449184029023751, 0.24565343608888265, 0.24055412265904363, 0.23736962138382053, 0.22991882254045906, 0.2368279298752304, 0.2303412455413291, 0.2269668210711744, 0.21955597692245654, 0.22238720753174757, 0.21965095367344276, 0.2163418333925147, 0.22553714493870833, 0.2175391848508547, 0.21571363812714522, 0.21494730778722834, 0.2068582093698931, 0.20236316161859347, 0.21075374534580577, 0.2062061588440732, 0.2123173416433829, 0.20486839715167598, 0.20265840192481702, 0.19842534566015008]}