{"loss": [1.0726783640530644, 0.8605776714886997, 0.7371354713969233, 0.6620161035809723, 0.591495596721672, 0.5519983918290639, 0.52808151154924, 0.4823030935940664, 0.4483858939796137, 0.44507167212045745, 0.4185276074068887, 0.39374545840295283, 0.39096781393376795, 0.37454651722627946, 0.3748634184486775, 0.3470668986758645, 0.3362890242521534, 0.3541915383562631, 0.3333296946784404, 0.3180049496571658, 0.32103456156638915, 0.309132153552676, 0.3046801599723238, 0.30249648038696564, 0.28604583879784934, 0.2967305195468527, 0.2833723117309521, 0.2855715992313529, 0.26946081556044854, 0.2707537594439083, 0.2699499750772242, 0.270213500384729, 0.258311261733373, 0.2557828430231516, 0.26970827904722044, 0.24684010272509072, 0.23912722847938955, 0.24264904749132377, 0.26052145902363083, 0.23442023502035694], "val_loss": [0.8767228875664937, 0.6742446096096985, 0.565330973560946, 0.511482995099972, 0.45048092573682613, 0.4095354940518902, 0.38233456661928855, 0.3564672074787357, 0.3540767446700773, 0.3271136195636696, 0.30420487889707043, 0.3081944872942966, 0.2857276135952185, 0.28297563820393506, 0.26934161528580985, 0.2584436513775812, 0.25456354633072936, 0.24623519764574786, 0.24013780563694737, 0.23761553792138174, 0.28034935793463694, 0.21765938652700004, 0.20711206842757082, 0.21177810889363377, 0.1974126630408247, 0.25904450850695, 0.20767730880366, 0.2068585058126866, 0.18869362660110836, 0.2265617282279415, 0.2173886195895056, 0.18969449817825476, 0.19088645073151606, 0.196835682115936, 0.191366745047354, 0.1732352663860067, 0.18214875415552112, 0.17663352863158588, 0.17672370408394883, 0.17273022321574694], "val_accuracy": [0.6602516770362854, 0.784604012966156, 0.8053293824195862, 0.8460399508476257, 0.8482605218887329, 0.8874907493591309, 0.8800888061523438, 0.8874907493591309, 0.8889711499214172, 0.894892692565918, 0.894892692565918, 0.8985936045646667, 0.9089563488960266, 0.9074759483337402, 0.9119170904159546, 0.9215396046638489, 0.9148778915405273, 0.9207994341850281, 0.9200592041015625, 0.9215396046638489, 0.9022945761680603, 0.9296817183494568, 0.9348630905151367, 0.9333826899528503, 0.9378238320350647, 0.9074759483337402, 0.9311621189117432, 0.9304218888282776, 0.9370836615562439, 0.9178386330604553, 0.9222797751426697, 0.9356032609939575, 0.9341228604316711, 0.9311621189117432, 0.9348630905151367, 0.9430052042007446, 0.9363434314727783, 0.9378238320350647, 0.9393042325973511, 0.9415248036384583], "accuracy": [0.5547536015510559, 0.6602787375450134, 0.7155300974845886, 0.7531110048294067, 0.7819811105728149, 0.7986560463905334, 0.812095582485199, 0.8292682766914368, 0.8469387888908386, 0.842210054397583, 0.8546627163887024, 0.8696303963661194, 0.8656047582626343, 0.8685913681983948, 0.8646092414855957, 0.8827775120735168, 0.884519636631012, 0.875808835029602, 0.8875062465667725, 0.8924838304519653, 0.8897461295127869, 0.8950892686843872, 0.897602379322052, 0.8944748640060425, 0.8958333134651184, 0.8988511562347412, 0.9001991152763367, 0.9045138955116272, 0.9080919027328491, 0.9061722159385681, 0.9099054336547852, 0.9081632494926453, 0.9134424328804016, 0.9105893969535828, 0.9079861044883728, 0.9158785343170166, 0.9185814261436462, 0.9153807759284973, 0.9067460298538208, 0.9180819392204285]}