{"val_loss": [0.8767228875664937, 0.6742446096096985, 0.565330973560946, 0.511482995099972, 0.45048092573682613, 0.4095354940518902, 0.38233456661928855, 0.3564672074787357, 0.3540767446700773, 0.3271136195636696, 0.30420487889707043, 0.3081944872942966, 0.2857276135952185, 0.28297563820393506, 0.26934161528580985, 0.2584436513775812, 0.25456354633072936, 0.24623519764574786, 0.24013780563694737, 0.23761553792138174, 0.28034935793463694, 0.21765938652700004, 0.20711206842757082, 0.21177810889363377, 0.1974126630408247, 0.25904450850695, 0.20767730880366, 0.2068585058126866, 0.18869362660110836, 0.2265617282279415, 0.2173886195895056, 0.18969449817825476, 0.19088645073151606, 0.196835682115936, 0.191366745047354, 0.1732352663860067, 0.18214875415552112, 0.17663352863158588, 0.17672370408394883, 0.17273022321574694, 0.184974681329586, 0.1181605567895069, 0.11019432136608352, 0.08954343824012469, 0.11875305797968151, 0.06894762708435316, 0.11465647660035896, 0.10635045497918806, 0.058644217707156075, 0.1139121093434991, 0.05877023756360673, 0.06260054793448734, 0.07273410788449775, 0.10418885146067108, 0.09084719728311727, 0.060058124051832605, 0.10145998951861102, 0.05504022546107022, 0.066053073891169, 0.053177484733739844, 0.055390596621394776, 0.06352784190958381, 0.05308486186905449, 0.05808098324823388, 0.04876384339388391, 0.07034980484196912, 0.06441252504225178, 0.058849692887190226, 0.06102380420265376, 0.038887461990691576, 0.061016964673069475, 0.038412839350056904, 0.057750759478437844, 0.0662201364820397, 0.06354765214238296, 0.07043713194591791, 0.0457389281799315, 0.04502277343267152, 0.04025073562694271, 0.07071727418894297, 0.039197338699155676, 0.04304956612718339, 0.06258586220661086, 0.06420956828185446, 0.07855509076788636, 0.06913990168959774, 0.08202079702017044, 0.06932726869156941, 0.12918432943314745, 0.06186433073869464, 0.0396486774773208, 0.048080963829358545, 0.048724287306734095, 0.09000016465268858, 0.0645584768584125, 0.05088633779321917, 0.03774260732601724, 0.04231168784605798], "val_accuracy": [0.6602516770362854, 0.784604012966156, 0.8053293824195862, 0.8460399508476257, 0.8482605218887329, 0.8874907493591309, 0.8800888061523438, 0.8874907493591309, 0.8889711499214172, 0.894892692565918, 0.894892692565918, 0.8985936045646667, 0.9089563488960266, 0.9074759483337402, 0.9119170904159546, 0.9215396046638489, 0.9148778915405273, 0.9207994341850281, 0.9200592041015625, 0.9215396046638489, 0.9022945761680603, 0.9296817183494568, 0.9348630905151367, 0.9333826899528503, 0.9378238320350647, 0.9074759483337402, 0.9311621189117432, 0.9304218888282776, 0.9370836615562439, 0.9178386330604553, 0.9222797751426697, 0.9356032609939575, 0.9341228604316711, 0.9311621189117432, 0.9348630905151367, 0.9430052042007446, 0.9363434314727783, 0.9378238320350647, 0.9393042325973511, 0.9415248036384583, 0.9415248036384583, 0.9578090310096741, 0.9585492014884949, 0.9696521162986755, 0.9555884599685669, 0.9777942299842834, 0.9578090310096741, 0.9674315452575684, 0.984455943107605, 0.9615100026130676, 0.9851961731910706, 0.981495201587677, 0.9763138294219971, 0.9622501730918884, 0.9703922867774963, 0.9837157726287842, 0.9666913151741028, 0.984455943107605, 0.9770540595054626, 0.984455943107605, 0.9837157726287842, 0.9763138294219971, 0.984455943107605, 0.9785344004631042, 0.9866765141487122, 0.9785344004631042, 0.9792746305465698, 0.9800148010253906, 0.9800148010253906, 0.9911177158355713, 0.9829756021499634, 0.9888970851898193, 0.984455943107605, 0.9777942299842834, 0.9755736589431763, 0.9748334288597107, 0.9874167442321777, 0.9859363436698914, 0.9888970851898193, 0.9792746305465698, 0.9903774857521057, 0.9896373152732849, 0.9770540595054626, 0.9807549715042114, 0.9777942299842834, 0.9800148010253906, 0.9763138294219971, 0.9733530879020691, 0.9622501730918884, 0.9822353720664978, 0.9896373152732849, 0.9874167442321777, 0.9859363436698914, 0.9755736589431763, 0.9800148010253906, 0.9866765141487122, 0.9896373152732849, 0.9911177158355713], "loss": [1.0726783640530644, 0.8605776714886997, 0.7371354713969233, 0.6620161035809723, 0.591495596721672, 0.5519983918290639, 0.52808151154924, 0.4823030935940664, 0.4483858939796137, 0.44507167212045745, 0.4185276074068887, 0.39374545840295283, 0.39096781393376795, 0.37454651722627946, 0.3748634184486775, 0.3470668986758645, 0.3362890242521534, 0.3541915383562631, 0.3333296946784404, 0.3180049496571658, 0.32103456156638915, 0.309132153552676, 0.3046801599723238, 0.30249648038696564, 0.28604583879784934, 0.2967305195468527, 0.2833723117309521, 0.2855715992313529, 0.26946081556044854, 0.2707537594439083, 0.2699499750772242, 0.270213500384729, 0.258311261733373, 0.2557828430231516, 0.26970827904722044, 0.24684010272509072, 0.23912722847938955, 0.24264904749132377, 0.26052145902363083, 0.23442023502035694, 0.3056261792682545, 0.18841207538480603, 0.16244482374001404, 0.14282828764855535, 0.12878187926140308, 0.11184645296552397, 0.09972792762230141, 0.10210381113011306, 0.09490254707912595, 0.09066789609511258, 0.08016180874192934, 0.08111298818191288, 0.07344645221062623, 0.06910562278650008, 0.07693490328525891, 0.05919785868059408, 0.05891640505472068, 0.05744456304927974, 0.05964809919198935, 0.05854952628893482, 0.05112025079875072, 0.04926528703487877, 0.05131147804170765, 0.04384144583465267, 0.04965359018045616, 0.04696024097562496, 0.048939561968411545, 0.04241787846521696, 0.041522560309484736, 0.03724048983881917, 0.04259786296946307, 0.032323383442008004, 0.036394161378758234, 0.0405249243222421, 0.030091049269420446, 0.03241282199724309, 0.03389375468084056, 0.029867942717119858, 0.030279221172104517, 0.029553258102693148, 0.028822208579804574, 0.030246924599706536, 0.02821442650744578, 0.03282672506856749, 0.033510852677885755, 0.022829589949000112, 0.027794831420175338, 0.02818236335038382, 0.020840551441309915, 0.029514039878721362, 0.02165678574881183, 0.017364487624108155, 0.02352976400873156, 0.025124628463506906, 0.019135603125611828, 0.02211070845383157, 0.02521233020848336, 0.017994792147893263],