{"accuracy": [0.8873593211174011, 0.9577447772026062, 0.968518078327179, 0.9735456109046936, 0.9751017689704895, 0.9774957895278931, 0.9807277917861938, 0.9783337116241455, 0.9826430678367615, 0.9832415580749512, 0.9834809899330139, 0.9826430678367615, 0.9849713444709778, 0.9851033091545105, 0.9874311685562134, 0.9882690906524658, 0.9845582842826843, 0.9883887767791748, 0.9865932464599609, 0.9880296587944031, 0.9886689186096191, 0.9876706004142761, 0.9879099726676941, 0.9873858690261841, 0.98946613073349, 0.9888675808906555, 0.9889873266220093, 0.9889873266220093, 0.9882690906524658, 0.9892266988754272, 0.98946613073349, 0.989346444606781, 0.989980936050415, 0.9919509887695312, 0.9913813471794128, 0.9905434250831604, 0.9908158183097839, 0.9903892278671265, 0.9915010929107666, 0.9892266988754272, 0.9905434250831604, 0.9906631708145142, 0.9913813471794128, 0.9907828569412231, 0.9900646209716797, 0.9913813471794128, 0.9918602108955383, 0.991531491279602, 0.9907496571540833, 0.9914122223854065], "val_accuracy": [0.03397710993885994, 0.03397710993885994, 0.15236051380634308, 0.1666666716337204, 0.16702431440353394, 0.16738197207450867, 0.16738197207450867, 0.16738197207450867, 0.16738197207450867, 0.16738197207450867, 0.16738197207450867, 0.16738197207450867, 0.16738197207450867, 0.16738197207450867, 0.16738197207450867, 0.16738197207450867, 0.16738197207450867, 0.16738197207450867, 0.16738197207450867, 0.16738197207450867, 0.16738197207450867, 0.16738197207450867, 0.16738197207450867, 0.16738197207450867, 0.16738197207450867, 0.16738197207450867, 0.16738197207450867, 0.16738197207450867, 0.16738197207450867, 0.16738197207450867, 0.16738197207450867, 0.16738197207450867, 0.16738197207450867, 0.16738197207450867, 0.16738197207450867, 0.16738197207450867, 0.16738197207450867, 0.16738197207450867, 0.16738197207450867, 0.16738197207450867, 0.16738197207450867, 0.16738197207450867, 0.16738197207450867, 0.16738197207450867, 0.16738197207450867, 0.16738197207450867, 0.16738197207450867, 0.16738197207450867, 0.16738197207450867, 0.16738197207450867], "loss": [0.3443174220626937, 0.12616765062104637, 0.09590214333031662, 0.07712930064271134, 0.06930300064593632, 0.0673430427076794, 0.05678824962312764, 0.06186074579234026, 0.05160899364976099, 0.04846862739001985, 0.048785216362978785, 0.048965383159620554, 0.042217247324834846, 0.0433550740633355, 0.041231349504135616, 0.03875541162532405, 0.043998454104957806, 0.03465695316346551, 0.038275376481430146, 0.033783470949138895, 0.03377905061587563, 0.035280440127094, 0.03631440566382011, 0.035436819085751955, 0.029196042122900386, 0.03200998474362866, 0.03128122470513529, 0.02930711679749667, 0.03137600049343043, 0.03366849267861307, 0.030199848801916937, 0.027323451444847446, 0.030685510404718123, 0.02652187417554159, 0.02562264267000467, 0.027343692923702593, 0.027616178307181067, 0.028737943813300762, 0.025837989826708978, 0.03042408110116978, 0.025656335678804747, 0.02809176149622885, 0.02637253338961298, 0.026237214122397653, 0.03094246798094165, 0.025969834610277902, 0.023818261141984726, 0.021004963416429788, 0.027809409388356226, 0.024584494468566122], "val_loss": [2.2960880181308467, 2.114464582121253, 1.9044682918188398, 2.179703522137818, 2.0073828124181397, 1.9946373597064584, 1.987448704941931, 2.0130006400641793, 2.2973923683166504, 2.0121292505141493, 2.3038910335737235, 2.026377758413596, 2.0095578041540536, 1.9501724065799741, 2.3453294903423654, 2.0758104242480364, 2.146124751441639, 2.3722465638609576, 2.735748756255885, 2.6924960429064706, 2.973658756807297, 2.603044601298538, 3.1033560707845402, 2.80922030822743, 2.6869378004633475, 3.3317487369450034, 3.7656782908159947, 3.1326987088494036, 2.6951588114273224, 2.7041408828058637, 2.368071167254141, 2.550620826358277, 2.326992578943059, 2.5641224316090816, 2.291881109341361, 2.8636967228547014, 2.5478820892874263, 2.9494436551231855, 2.6524981470067104, 2.8528725074255075, 2.7456143461754055, 3.05073646584976, 3.07668165110041, 3.023499796148363, 3.2847711900102565, 3.867272280828124, 3.351256687753702, 3.2278524758307547, 2.726145874277205, 3.112304446352739]}