{"accuracy": [0.8606616854667664, 0.9425559043884277, 0.9537357091903687, 0.9600072503089905, 0.9614615440368652, 0.9678240418434143, 0.9672786593437195, 0.9741865396499634, 0.9717324376106262, 0.9755498766899109, 0.9768223762512207, 0.9761861562728882, 0.9768223762512207, 0.9763679504394531, 0.9793673753738403, 0.9764588475227356, 0.9786402583122253, 0.9800945520401001, 0.9810943603515625, 0.9800945520401001, 0.9802762866020203, 0.9801854491233826, 0.9808216691017151, 0.9818214774131775, 0.9804580807685852], "val_loss": [2.366085930407193, 2.45232107691805, 2.6680690585092606, 2.9047500339983987, 2.7461100990080776, 2.9616199496259634, 3.006437614126742, 3.0935053781310837, 3.27469547885564, 3.5593770070709785, 3.213961963453964, 3.5148937585529474, 3.6492033066325744, 3.3569953604281095, 3.432848674637301, 3.6876021581164, 3.6237726470768923, 3.403547196713567, 3.5748120830512042, 3.8543634460684593, 3.727481936915927, 3.731154470866256, 4.069515847485815, 3.8075677874814753, 3.927619135810746], "loss": [0.44343624204272597, 0.1777146669804584, 0.14150974681742126, 0.11708805915675928, 0.11305715838219335, 0.09852191629360597, 0.09498357803910738, 0.07981951911137161, 0.07945014463649232, 0.07371244130500705, 0.07192823266242444, 0.0687834116220718, 0.07030028699433516, 0.06822087394824962, 0.06362827806202791, 0.06527644337047081, 0.06108946106661571, 0.06144451233240918, 0.056210391025179635, 0.0555879018129637, 0.05422531719251972, 0.05271450955291387, 0.05844864815717688, 0.05079755367610622, 0.05538534075854703], "val_accuracy": [0.12177222222089767, 0.12666484713554382, 0.08208752423524857, 0.126936674118042, 0.12285947054624557, 0.126936674118042, 0.126936674118042, 0.126936674118042, 0.126936674118042, 0.126936674118042, 0.12666484713554382, 0.126936674118042, 0.126936674118042, 0.3688502311706543, 0.3688502311706543, 0.3688502311706543, 0.3430280089378357, 0.3688502311706543, 0.3688502311706543, 0.3688502311706543, 0.28975266218185425, 0.1193259060382843, 0.3688502311706543, 0.2590377926826477, 0.06441967934370041]}