{"accuracy": [0.8399001359939575, 0.9384017586708069, 0.9589345455169678, 0.9572697281837463, 0.9672585725784302, 0.9708657264709473, 0.9725305438041687, 0.970588207244873, 0.9722530245780945, 0.9730854630470276, 0.9786348342895508, 0.9800221920013428, 0.9758601784706116, 0.9797447323799133, 0.9797447323799133, 0.9820243120193481, 0.9782850742340088, 0.9830743670463562, 0.9830743670463562, 0.9822419285774231, 0.9830743670463562, 0.9839067459106445, 0.986958920955658, 0.9789122939109802, 0.9850663542747498], "val_loss": [1.3760698310422779, 1.438645417790519, 1.4894990801123282, 1.4374042653094021, 1.6794471702394855, 1.583346182614049, 1.644174423477223, 1.8071094747426977, 1.8167005239787026, 1.7617812386644054, 1.6890740037848904, 1.6242547218011414, 1.8556090546165334, 1.937350077955367, 1.8894371516627904, 2.113494976433662, 1.9855744842645655, 2.0811217762867673, 2.329559056894502, 1.993902803155281, 1.994514632598487, 1.9824756534258787, 1.9450084054558512, 2.334778708853411, 2.2672756052371006], "val_accuracy": [0.3165704905986786, 0.2003297656774521, 0.3635614216327667, 0.19538334012031555, 0.11706512421369553, 0.12201154232025146, 0.11706512421369553, 0.11706512421369553, 0.11706512421369553, 0.11706512421369553, 0.11706512421369553, 0.11706512421369553, 0.11706512421369553, 0.11706512421369553, 0.11706512421369553, 0.11706512421369553, 0.11706512421369553, 0.11706512421369553, 0.11706512421369553, 0.11706512421369553, 0.11706512421369553, 0.11706512421369553, 0.11706512421369553, 0.11706512421369553, 0.11706512421369553], "loss": [0.45998587132691016, 0.18642402083905502, 0.12930289172587067, 0.12365110540198168, 0.0966591745879621, 0.09123236450731556, 0.07857511817714351, 0.08484263874210012, 0.0790512904309803, 0.07987309028947526, 0.0627068022760117, 0.061367233562904445, 0.07167342993597212, 0.05732182207022205, 0.061768192194245106, 0.05867649345510367, 0.06548498624018943, 0.0526225030436165, 0.049939239116491015, 0.050394721247553495, 0.048622706755902724, 0.046739594240287334, 0.045205250385007535, 0.05707238174222418, 0.04121635799642356]}