{"val_loss": [0.7400322814746139, 0.5780899399377311, 0.49139932326468516, 0.3971025559649389, 0.3836422927636769, 0.34928366116893356, 0.32487041706140996, 0.3284155091703265, 0.3204088747174474, 0.2901575780546861, 0.2564204600001166, 0.26873744051678744, 0.2618599016444121, 0.24293707945882947, 0.279310528495412, 0.2249485916258866, 0.282092934879568, 0.2079194372271271, 0.1992313113792287, 0.18439834498182292, 0.21391966170759044, 0.19125224260351123, 0.16681160226164612, 0.1808047490211466, 0.17283045422878301, 0.16958686867405334, 0.1567719605984592, 0.17004245579569605, 0.18245954770710612, 0.20585084974874743, 0.17097553703423174, 0.18203937947423193, 0.1460713228752234, 0.1410203164194794, 0.18743133294299055, 0.14783959213296935, 0.15650948462582157, 0.15123073710384055, 0.13440123990423283, 0.1361223861329952, 0.19260456847534319, 0.16020396907543133, 0.13556454904118664, 0.14065968559908473, 0.12621015909602917, 0.13606874342374436, 0.1326860527233842, 0.14659893970384894, 0.12955496423423182, 0.13032773262404002], "accuracy": [0.5243226885795593, 0.673337459564209, 0.7441502213478088, 0.7798645496368408, 0.8146551847457886, 0.8272783160209656, 0.8386699557304382, 0.857758641242981, 0.8645319938659668, 0.8728448152542114, 0.8777709603309631, 0.8777709603309631, 0.8808497786521912, 0.890012264251709, 0.8870668411254883, 0.8971675038337708, 0.9036329984664917, 0.9005541801452637, 0.906862735748291, 0.9000619053840637, 0.9111519455909729, 0.9081064462661743, 0.9100984930992126, 0.9093137383460999, 0.9168719053268433, 0.9130569100379944, 0.9227216839790344, 0.9172794222831726, 0.9239531755447388, 0.9270319938659668, 0.9226484894752502, 0.927955687046051, 0.9211822748184204, 0.9325739145278931, 0.924876868724823, 0.9254925847053528, 0.9304534196853638, 0.9365717768669128, 0.929495096206665, 0.9298406839370728, 0.9381188154220581, 0.9353448152542114, 0.9322916865348816, 0.9334975481033325, 0.9362623691558838, 0.9371921420097351, 0.9344362616539001, 0.9353341460227966, 0.9347426295280457, 0.9362684488296509], "val_accuracy": [0.7102376818656921, 0.7925045490264893, 0.8336380124092102, 0.8775137066841125, 0.8784278035163879, 0.8765996098518372, 0.8884826302528381, 0.8820840716362, 0.8784278035163879, 0.8994515538215637, 0.9049360156059265, 0.8976234197616577, 0.9058501124382019, 0.9131627082824707, 0.8912248611450195, 0.9195612668991089, 0.8848263025283813, 0.9232175350189209, 0.9287019968032837, 0.9351005554199219, 0.9186471700668335, 0.9305301904678345, 0.9405850172042847, 0.9341864585876465, 0.9405850172042847, 0.9378427863121033, 0.9442413449287415, 0.9351005554199219, 0.9332724213600159, 0.9177330732345581, 0.9405850172042847, 0.9332724213600159, 0.9488117098808289, 0.9488117098808289, 0.9250457286834717, 0.9442413449287415, 0.9405850172042847, 0.9414991140365601, 0.9542961716651917, 0.9497258067131042, 0.9232175350189209, 0.9414991140365601, 0.9488117098808289, 0.9469835758209229, 0.9524679780006409, 0.9497258067131042, 0.9488117098808289, 0.9460694789886475, 0.9506398439407349, 0.9469835758209229], "loss": [0.9935661613060336, 0.7677314809977714, 0.6357242291784052, 0.5553017593369696, 0.4974111315652067, 0.4551224588173364, 0.42623692750930786, 0.39084382817662994, 0.37692087727227236, 0.3521444392321732, 0.3461355973640686, 0.3321959204568064, 0.32634857252900823, 0.31318776952285393, 0.3014327107310885, 0.2982965010433949, 0.2801421983488675, 0.2736526696112356, 0.26661167973104644, 0.2724218788270903, 0.24839998540632865, 0.25571064031360174, 0.2555400488411852, 0.24891564410691167, 0.23775867890254618, 0.243985479642259, 0.21911450288272255, 0.226831286451688, 0.22406341414439854, 0.2171059076128335, 0.21268937688800368, 0.20165999865003406, 0.2175634465194101, 0.2057505512766063, 0.2052837544914537, 0.21691326899775143, 0.1912564897142789, 0.19360364073573952, 0.19273481488668273, 0.20475716534636768, 0.19065933091805712, 0.18679289857448617, 0.18376468848802296, 0.19376635494563968, 0.18672501384326728, 0.17849738629800932, 0.19395706963305379, 0.17572640898720462, 0.1752057539335653, 0.17396527330570033]}