{"loss": [2.1491100010306976, 0.9254616860828291, 0.8322756647382196, 0.7962366584346958, 0.7695532292509465, 0.7501377326812873, 0.736313420993535, 0.7033449981942488, 0.7194773343900428, 0.7073813340919106, 0.724928345831569, 0.7011066293859773, 0.7055268880297817, 0.7060270903849776, 0.666305912003911, 0.6921620803449884, 0.694106417249322, 0.6616004070815263, 0.680094434127943, 0.6898415328811053, 0.6817131353956741, 0.6604463582252248, 0.6767939471667413, 0.6749547586423651, 0.6584892367061815, 0.6509175153965784, 0.6580518292130603, 0.6702800872940687, 0.6389315171574547, 0.6546901980142915], "val_accuracy": [0.6903643012046814, 0.7937720417976379, 0.8113983273506165, 0.7767332792282104, 0.8008225560188293, 0.7626321911811829, 0.815511167049408, 0.739130437374115, 0.7967097759246826, 0.794359564781189, 0.8554641604423523, 0.7667450308799744, 0.8172737956047058, 0.783196210861206, 0.8290246725082397, 0.8143360614776611, 0.7773208022117615, 0.7890716791152954, 0.8202115297317505, 0.7632197141647339, 0.7790834307670593, 0.7561691999435425, 0.7661574482917786, 0.783196210861206, 0.7643948197364807, 0.7878965735435486, 0.7861339449882507, 0.8108108043670654, 0.7902467846870422, 0.816098690032959], "val_loss": [0.8514874690287823, 0.6936204292659334, 0.7138346687537103, 0.5955660569751865, 0.6335709258896484, 0.6167662301999282, 0.5796281275471845, 0.6437797941766531, 0.5728563200572963, 0.5349309271777138, 0.5061492746571116, 0.583956713296832, 0.4812320913467228, 0.6092325122249953, 0.55095818680826, 0.5192674909369226, 0.626649196748868, 0.5673588630245379, 0.5605755433632821, 0.5927156654353988, 0.6817759318861641, 0.6625591521747805, 0.5909068623664937, 0.6512039307281637, 0.5269069203408708, 0.6154588848947778, 0.6040489359832119, 0.6276073428844873, 0.5675281101682351, 0.535019017239435], "accuracy": [0.5054208636283875, 0.6051645874977112, 0.6461659669876099, 0.6676522493362427, 0.6788882613182068, 0.670412003993988, 0.6978119611740112, 0.6997831463813782, 0.6984032988548279, 0.7072737812995911, 0.6991918087005615, 0.7056968212127686, 0.7072737812995911, 0.7118076086044312, 0.7277745008468628, 0.7208752036094666, 0.7210723161697388, 0.722649335861206, 0.7212694883346558, 0.7183126211166382, 0.7210723161697388, 0.7297456860542297, 0.7228464484214783, 0.7232406735420227, 0.7263946533203125, 0.7441356182098389, 0.7330967783927917, 0.7323113083839417, 0.736061692237854, 0.7311255931854248]}