{"val_loss": [0.9555473189046446, 0.6342138095296155, 0.5159869212437282, 0.5179163895878978, 0.4719940698439159, 0.497032919869869, 0.41729652686729746, 0.3479806137669639, 0.4184161452517306, 0.46289773771266957, 0.40019220452109433, 0.31164010936947545, 0.35399465756888393, 0.35774480433056943, 0.34220738848375254, 0.4076285802376043, 0.2963502574627449, 0.322038009370272, 0.2641737547438324, 0.4505350872075742, 0.36403049789808967, 0.38081018579320186, 0.327816152280293, 0.42132888719453043, 0.3013264971846997, 0.3662448293181791, 0.3395538104327563, 0.362198882650831, 0.3630403249670872, 0.29557990838353143], "loss": [3.2486748137993504, 0.9168605599803178, 0.7811341244850486, 0.7156966998717192, 0.6468659331486304, 0.6195886403577564, 0.5893451605753625, 0.5952868304025003, 0.5449721671719528, 0.5410890157540834, 0.5033489939924262, 0.5024537855036547, 0.49880807202040345, 0.5110289154065867, 0.48359036098406155, 0.4888928627442555, 0.4606780950485924, 0.485273211282499, 0.4562979249541296, 0.49782062517969233, 0.47447442762198033, 0.4490988817763591, 0.455943079863651, 0.4390575316651397, 0.4401045738204012, 0.43265128080491666, 0.471536519457993, 0.4599335191127511, 0.46215051806542107, 0.4206990704323408], "accuracy": [0.47154223918914795, 0.607711136341095, 0.6783965826034546, 0.7209302186965942, 0.7545899748802185, 0.7600979208946228, 0.7818237543106079, 0.7802937626838684, 0.7965116500854492, 0.7992656230926514, 0.8139534592628479, 0.8222154378890991, 0.819767415523529, 0.8228273987770081, 0.8261529207229614, 0.832619309425354, 0.835493803024292, 0.8237454295158386, 0.8347613215446472, 0.8255813717842102, 0.8304773569107056, 0.8384332656860352, 0.8372092843055725, 0.847919225692749, 0.8452669978141785, 0.8506172895431519, 0.8388956189155579, 0.8478395342826843, 0.8433292508125305, 0.8555691838264465], "val_accuracy": [0.6067211627960205, 0.8047229647636414, 0.8237965703010559, 0.8228882551193237, 0.8492279648780823, 0.8292461633682251, 0.8991825580596924, 0.9046321511268616, 0.8764759302139282, 0.8555858135223389, 0.878292441368103, 0.9009990692138672, 0.9073569774627686, 0.8828337788581848, 0.9009990692138672, 0.8546775579452515, 0.9019073843955994, 0.9246140122413635, 0.9336966276168823, 0.8365122675895691, 0.8973660469055176, 0.8646684885025024, 0.905540406703949, 0.8465031981468201, 0.9164395928382874, 0.878292441368103, 0.908265233039856, 0.88101726770401, 0.8946412205696106, 0.9028156399726868]}