{"val_accuracy": [0.3655884861946106, 0.3655884861946106, 0.3655884861946106, 0.3655884861946106, 0.3655884861946106, 0.3655884861946106, 0.3655884861946106, 0.3655884861946106, 0.3655884861946106, 0.3655884861946106, 0.41424301266670227, 0.4536558985710144, 0.4677901566028595, 0.533297061920166, 0.5523239970207214, 0.5966295003890991, 0.6162000298500061, 0.6227235794067383, 0.6145691871643066, 0.6319652199745178, 0.5871160626411438, 0.5979886054992676, 0.6197336316108704, 0.6596901416778564, 0.6730089783668518, 0.6969285011291504, 0.7061701416969299, 0.7026365995407104, 0.7311769723892212, 0.7154117822647095, 0.7387877106666565, 0.7363414168357849, 0.724653422832489, 0.7355259656906128, 0.7328078150749207, 0.754824697971344, 0.7686871290206909, 0.7646099328994751, 0.8013046979904175, 0.776297926902771, 0.7667844295501709, 0.8078281879425049, 0.8037509918212891, 0.7697743773460388, 0.8018483519554138, 0.826311469078064, 0.8312041163444519, 0.78526771068573, 0.8257678747177124, 0.8314759731292725, 0.8279423713684082, 0.8524055480957031, 0.8738787770271301, 0.8551236987113953, 0.876868724822998, 0.8714324831962585, 0.8540364503860474, 0.86626797914505, 0.8814895153045654, 0.8589290380477905, 0.8695297837257385, 0.8904593586921692, 0.8980701565742493, 0.8741505742073059, 0.8453384041786194, 0.8670834302902222, 0.8518618941307068, 0.9056808948516846, 0.8950802087783813, 0.9111171364784241, 0.8972547054290771, 0.9097580909729004, 0.9064963459968567, 0.9127480387687683, 0.9081271886825562, 0.9241641759872437, 0.9170970320701599, 0.9249796271324158, 0.909214437007904, 0.8844794631004333, 0.8969828486442566, 0.9206306338310242, 0.9315031170845032, 0.9192715287208557], "val_loss": [1.9970636555085075, 1.8673353429785498, 1.832491067674828, 1.825171293950528, 1.8207106062756118, 1.8163898490180979, 1.807831374190689, 1.779730243312175, 1.6490040957587475, 1.5317745395055378, 1.4712112604777883, 1.4159830325840284, 1.3552467691797898, 1.27907543993735, 1.233899486262567, 1.1255678403115073, 1.0981554834374139, 1.0802534873409744, 1.0712556931984816, 1.0586140466533493, 1.1279585285334524, 1.1189780703508585, 1.0632692727099038, 0.9550109820120942, 0.949749668644446, 0.8793222025769921, 0.8483448840898481, 0.8552100780250651, 0.8088961353636397, 0.8246509173409581, 0.75654403811468, 0.7585825266543857, 0.7969545279225762, 0.7695128721982184, 0.7732105585633817, 0.7238362383408273, 0.6709104839729595, 0.6651557453399963, 0.6005221538065438, 0.6622605978324706, 0.6568292915156821, 0.5705600510022018, 0.5748869089303894, 0.6748246147147208, 0.5852415235057478, 0.5254462292480158, 0.5006931872755395, 0.6156968830007028, 0.5043161184640642, 0.48314693901453953, 0.5072985945366167, 0.42704137716645874, 0.3791817750707856, 0.424029784071021, 0.3575335228190405, 0.37615930062819186, 0.4068299490542281, 0.36352323484537424, 0.34684766905565045, 0.4071489061859517, 0.3624822373832818, 0.3129344412848884, 0.29002133635568633, 0.3602471348869311, 0.4338641457338636, 0.3657500454186421, 0.4236901274807073, 0.26247944237097803, 0.2943227875569684, 0.2540586908636744, 0.2862243778227982, 0.2579104405247864, 0.2623387270078739, 0.22882051869202127, 0.2564511250124317, 0.2103757797278409, 0.21465052582868321, 0.21257740232033326, 0.2557635673623786, 0.3277552786502672, 0.2878438188722517, 0.22385783364313327, 0.19783296509584872, 0.22174610486332572], "accuracy": [0.363206684589386, 0.3628431260585785, 0.36366114020347595, 0.3642065227031708, 0.3647518754005432, 0.3631157875061035, 0.3625704348087311, 0.3633884787559509, 0.36402472853660583, 0.36329758167266846, 0.3846573233604431, 0.4321032464504242, 0.45282676815986633, 0.5073623061180115, 0.5405380725860596, 0.551626980304718, 0.5579894781112671, 0.5635339021682739, 0.5760771036148071, 0.5809852480888367, 0.5971641540527344, 0.6026176810264587, 0.6068896651268005, 0.6172513961791992, 0.6317033171653748, 0.6422468423843384, 0.6453372240066528, 0.663061261177063, 0.6671514511108398, 0.6736956834793091, 0.6785973906517029, 0.6954346895217896, 0.6970551013946533, 0.702307403087616, 0.7035285830497742, 0.7162334322929382, 0.7224141359329224, 0.7267769575119019, 0.7271405458450317, 0.7393200993537903, 0.7382293939590454, 0.7420468926429749, 0.7550445199012756, 0.7545900940895081, 0.7535902857780457, 0.7634066343307495, 0.7733139395713806, 0.7823123335838318, 0.7823123335838318, 0.788129448890686, 0.797420084476471, 0.8033830523490906, 0.8073986768722534, 0.8176695108413696, 0.821850597858429, 0.8273982405662537, 0.8352128267288208, 0.83266681432724, 0.8404796719551086, 0.8413968682289124, 0.8466642498970032, 0.8497545719146729, 0.8576622605323792, 0.8483003377914429, 0.8572077751159668, 0.8657516837120056, 0.860388994216919, 0.8695691823959351, 0.8732048869132996, 0.8719323873519897, 0.877749502658844, 0.8748409152030945, 0.8832030296325684, 0.885748028755188, 0.8847482204437256, 0.8868387341499329, 0.8888384103775024, 0.8940192461013794, 0.8977458477020264, 0.9046148061752319, 0.9037832021713257, 0.904744565486908, 0.9054717421531677, 0.9102890491485596], "loss": [2.0398674877616108, 1.9394890004733414, 1.8486378222806867, 1.834591888987006, 1.829752162334551, 1.827745155689175, 1.8238544455443138, 1.8078591679902625, 1.7387188299203695, 1.5934421574282789, 1.5121063207024077, 1.4547538895365153, 1.4140645994140633, 1.3582633878724875, 1.2835670085933681, 1.243841289108698, 1.22489374246495, 1.1995587976514979, 1.182224473255891, 1.1593462126598728, 1.1388509086079435, 1.114106532184238, 1.0964115886683032, 1.0754983062376609, 1.038398905128506, 1.0249307558679988, 1.008206732510177, 0.9752555963148357, 0.9613758814787783, 0.9495456526223539, 0.9178543328199276, 0.9000870518118046, 0.8812513641174696, 0.8584630964107292, 0.8466976383743654, 0.8272276475979532, 0.8105618129143215, 0.8048902476317145, 0.7869721391356613, 0.7661188123031565, 0.7564630679511262, 0.7491911898589398, 0.7127738171459392, 0.7041323280100431, 0.6967113222171775, 0.6841697543019751, 0.6599191712089244, 0.6454564030225484, 0.6321376868214007, 0.605393507256982, 0.600105965943184, 0.5794331404611214, 0.5588465991442344, 0.5287158339755186, 0.5053321549218908, 0.5023083874825821, 0.4730404666897686, 0.4807950852594903, 0.4580385235766339, 0.4528276131082856, 0.4368072968681299, 0.42648718694495497, 0.4028535980708901, 0.41997202303090586, 0.39924739649286706, 0.37390596315419106, 0.3921896109763459, 0.36892660982314945, 0.35522231952079186, 0.36517691347863845, 0.3520320762267786, 0.3453927208317169, 0.33708326058308874, 0.3214254081465942, 0.3264015965181315, 0.31802260107754404, 0.31258244826845244, 0.29711269467684426, 0.2847061122878858, 0.27649710379367654, 0.2737833215713111, 0.2734956110830503, 0.2780615951804286, 0.25674109760359665]}