{"val_loss": [2.2547929181926576, 2.2184883796170944, 2.1884561519790853, 2.1649249032730573, 2.1469427415452866, 2.133891811034753, 2.1247831873956757, 2.1185075831308238, 2.1140464207149288, 2.110915401853654, 2.1085369021882046, 2.1067640768798963, 2.105314273035999, 2.1041242790642287, 2.1031376139182876, 2.102286204787603, 2.101562183018823, 2.100935100773883, 2.100453195487875, 2.099996616556781, 2.099580341288697, 2.099258344499025, 2.0989775264840818, 2.09869371321758, 2.0984852446333426, 2.098283916843095, 2.0980798601579034, 2.097930774814757, 2.097804925515263, 2.097667145413974, 2.0975688899666203, 2.097466194892245, 2.097358948753794, 2.0972926687038944, 2.0971964238498706, 2.097092776676632, 2.0970621132115435, 2.0969842927571434, 2.0969376078786306, 2.096934186834596, 2.096847891282405, 2.096811822017384, 2.0967593325392264, 2.096718000210329, 2.0966940559479634, 2.0966910124875375, 2.096659194320309, 2.096605866175916, 2.096561360989373, 2.0965270043469735, 2.096536132417586, 2.0965096142848685, 2.0964778133425943, 2.096437546860279, 2.0964249891331543, 2.096373558779645, 2.0963875580464166, 2.0963559758820725, 2.096340967905154, 2.096324204558318, 2.096292824262039, 2.0962744232841524, 2.096239460617435, 2.096255689990678, 2.0962170201776313, 2.096207169289106, 2.096174584086246, 2.096169622249015, 2.096159541974509, 2.096124719733184, 2.0960686362262337, 2.096140854789297, 2.0960896541368594, 2.0960205344901737, 2.0960401531883273, 2.096014642190303, 2.0960068754162555, 2.0959823751239526, 2.095976376848599, 2.095949083382863, 2.0959301098852956, 2.0959397983971146, 2.095852780447132, 2.0958793513050162, 2.095842087636435, 2.0958132249143153, 2.0957920284523315, 2.095759481375438, 2.0957538711867145, 2.095752737910737, 2.0957126458836024, 2.095733199140574, 2.0956777421388333, 2.0957378035599965, 2.095640727286822, 2.095593574288658, 2.095591328322625, 2.0955649097585467, 2.0955409105653806, 2.095531878702441], "val_accuracy": [0.29845815896987915, 0.29845815896987915, 0.29845815896987915, 0.29845815896987915, 0.29845815896987915, 0.29845815896987915, 0.29845815896987915, 0.29845815896987915, 0.29845815896987915, 0.29845815896987915, 0.29845815896987915, 0.29845815896987915, 0.29845815896987915, 0.29845815896987915, 0.29845815896987915, 0.29845815896987915, 0.29845815896987915, 0.29845815896987915, 0.29845815896987915, 0.29845815896987915, 0.29845815896987915, 0.29845815896987915, 0.29845815896987915, 0.29845815896987915, 0.29845815896987915, 0.29845815896987915, 0.29845815896987915, 0.29845815896987915, 0.29845815896987915, 0.29845815896987915, 0.29845815896987915, 0.29845815896987915, 0.29845815896987915, 0.29845815896987915, 0.29845815896987915, 0.29845815896987915, 0.29845815896987915, 0.29845815896987915, 0.29845815896987915, 0.29845815896987915, 0.29845815896987915, 0.29845815896987915, 0.29845815896987915, 0.29845815896987915, 0.29845815896987915, 0.29845815896987915, 0.29845815896987915, 0.29845815896987915, 0.29845815896987915, 0.29845815896987915, 0.29845815896987915, 0.29845815896987915, 0.29845815896987915, 0.29845815896987915, 0.29845815896987915, 0.29845815896987915, 0.29845815896987915, 0.29845815896987915, 0.29845815896987915, 0.29845815896987915, 0.29845815896987915, 0.29845815896987915, 0.29845815896987915, 0.29845815896987915, 0.29845815896987915, 0.29845815896987915, 0.29845815896987915, 0.29845815896987915, 0.29845815896987915, 0.29845815896987915, 0.29845815896987915, 0.29845815896987915, 0.29845815896987915, 0.29845815896987915, 0.29845815896987915, 0.29845815896987915, 0.29845815896987915, 0.29845815896987915, 0.29845815896987915, 0.29845815896987915, 0.29845815896987915, 0.29845815896987915, 0.29845815896987915, 0.29845815896987915, 0.29845815896987915, 0.29845815896987915, 0.29845815896987915, 0.29845815896987915, 0.29845815896987915, 0.29845815896987915, 0.29845815896987915, 0.29845815896987915, 0.29845815896987915, 0.29845815896987915, 0.29845815896987915, 0.29845815896987915, 0.29845815896987915, 0.29845815896987915, 0.29845815896987915, 0.29845815896987915], "loss": [2.276481098801661, 2.237563118500888, 2.2045735022163333, 2.179230841110831, 2.158527209192365, 2.1436206769480015, 2.1331083651742833, 2.126433311015464, 2.11985878766127, 2.1175827325916936, 2.113247055568027, 2.113510114570418, 2.1116744689391154, 2.108722249234042, 2.1098502370094883, 2.1061393933889967, 2.1047748758542317, 2.106933538935484, 2.1073563212607236, 2.1048124076550168, 2.102001405372878, 2.1048635975346692, 2.105678401556231, 2.101206133286322, 2.1044526412482116, 2.1032052318734706, 2.1011900051151757, 2.1044632284508618, 2.102813103916998, 2.1001983816426466, 2.1021224598973016, 2.103225620346698, 2.101068673289661, 2.105143024039191, 2.0990115163394343, 2.0971320883330087, 2.1038982006322295, 2.101327609236815, 2.1010199278145634, 2.105391696161265, 2.0969740255180094, 2.1029117941891475, 2.0966300280753183, 2.103702107176277, 2.097883208485116, 2.1065192826888404, 2.098604965322257, 2.1020962403802312, 2.098721508145262, 2.0994440748441, 2.1030756537971125, 2.098986367355349, 2.1025040961729626, 2.1012513345923884, 2.098776965692951, 2.0968403954838597, 2.1043342332612567, 2.1006569101559895, 2.0994693613908626, 2.101511957998447, 2.0973819293167297, 2.104211366488929, 2.098039762833539, 2.103354141646917, 2.09937982321769, 2.0995482911353327, 2.1000703712544233, 2.101703324842916, 2.1020746790453866, 2.0971617505129645, 2.097756620568954, 2.1042771232735245, 2.0990498939752227, 2.0965052574636096, 2.103844533922534, 2.1001117737153, 2.096083070681105, 2.1043860067295124, 2.100257533839565, 2.0991092537443956, 2.0997520587287792, 2.100705226729898, 2.09680647385001, 2.102045086927192, 2.1012097080911225, 2.098813655797173, 2.0990919854874677, 2.0988611243511555, 2.0990695749832526, 2.1030399018187436, 2.0986402044585426, 2.100028924602321, 2.0974680541507067, 2.1056420242085174, 2.095722759058002, 2.1004344724296367, 2.0992033913937744, 2.0974841404915696, 2.0999474464390677, 2.101476775220748],