{"val_loss": [0.9842859884971248, 0.768011474746962, 0.6843038092245274, 0.6124196957677037, 0.5655205761806491, 0.5169845123184877, 0.49381244487243553, 0.43023704330191964, 0.4096968630966036, 0.4203157075799799, 0.42012249592995704, 0.3494701698508424, 0.3401853416148828, 0.34225318233827273, 0.3885903767535044, 0.3232559895377855, 0.31453012882041614, 0.31672926033368703, 0.3541788216081416, 0.3042203857696263, 0.30265352461619116, 0.2850971305335934, 0.31437820771068753, 0.3404004073349386, 0.27711629807359406, 0.25632145651980853, 0.30175656109728893, 0.26005138989970983, 0.28050789604330495, 0.24698042825343486, 0.2460753350147804, 0.2471050769213498, 0.2783367261843355, 0.2684463162438887, 0.25790389620461746, 0.2237686694945959, 0.2616415492582203, 0.2512997920883655, 0.296079681441495, 0.23073798035995485, 0.233698998577125, 0.22274237497719673, 0.2799334388966415, 0.24829455333019423, 0.22937582160506678, 0.21637677473168873, 0.21422132468872196, 0.2653189958222917, 0.23862139674276728, 0.24052688250930862], "loss": [1.2223942248061812, 0.9690776538107954, 0.851826898927297, 0.7605755440932135, 0.6928313790627245, 0.6468389026332775, 0.6082134296441581, 0.5685600435311815, 0.5322097851863683, 0.5287223963347156, 0.49351906912043675, 0.48190677053147807, 0.46385084316793795, 0.432482243447102, 0.45352009927789855, 0.4166053029815708, 0.41099114467147196, 0.4227592137360017, 0.3894635663842255, 0.39095117745146285, 0.36595992657681614, 0.37860758207013123, 0.37037990662063947, 0.3504619238387167, 0.35346142441565315, 0.33944243784749945, 0.3477333552399433, 0.34156330986636857, 0.3240537837263482, 0.3295758682800318, 0.3221201564575009, 0.3198420275497226, 0.30170483355483785, 0.31931166523416216, 0.3139407311656834, 0.29847390428683274, 0.3030922275603016, 0.2900151251691633, 0.30169493656912466, 0.30430347455063883, 0.2781754262770188, 0.2877419197003664, 0.2935673479089695, 0.2737480889350375, 0.28057386369736953, 0.2883738395773478, 0.2732454549554175, 0.2742562826498845, 0.2582996258165984, 0.2776076759601407], "val_accuracy": [0.6644682884216309, 0.7617477178573608, 0.7526792883872986, 0.8004946708679199, 0.8095630407333374, 0.8194559216499329, 0.8252267241477966, 0.8771640658378601, 0.8656224012374878, 0.8425391316413879, 0.8483099937438965, 0.8837592601776123, 0.8953009247779846, 0.8796372413635254, 0.8532564043998718, 0.8911789059638977, 0.8903545141220093, 0.9018961191177368, 0.8730420470237732, 0.8870568871498108, 0.8878812789916992, 0.9010717272758484, 0.8870568871498108, 0.866446852684021, 0.9035449028015137, 0.9101401567459106, 0.8878812789916992, 0.8985984921455383, 0.90024733543396, 0.9167353510856628, 0.9084913730621338, 0.9084913730621338, 0.896125316619873, 0.90024733543396, 0.8994229435920715, 0.9126133322715759, 0.9018961191177368, 0.9010717272758484, 0.8903545141220093, 0.9134377837181091, 0.9101401567459106, 0.9216817617416382, 0.8994229435920715, 0.9060181379318237, 0.9109645485877991, 0.9192085862159729, 0.9200329780578613, 0.9035449028015137, 0.9084913730621338, 0.9101401567459106], "accuracy": [0.46642619371414185, 0.6132075190544128, 0.6759156584739685, 0.711709201335907, 0.7430632710456848, 0.7649833559989929, 0.7791342735290527, 0.7992256879806519, 0.8162583708763123, 0.8086283206939697, 0.8279688954353333, 0.8290646076202393, 0.8368362784385681, 0.8479955196380615, 0.8426747918128967, 0.8606194853782654, 0.8566258549690247, 0.8551609516143799, 0.8609877824783325, 0.8672566413879395, 0.8738864064216614, 0.8683628439903259, 0.8741648197174072, 0.8821902871131897, 0.8800111413002014, 0.8834628462791443, 0.8740288615226746, 0.8798556923866272, 0.8917869329452515, 0.8768035769462585, 0.8903995752334595, 0.88606196641922, 0.8940066695213318, 0.890868604183197, 0.8915929198265076, 0.8958797454833984, 0.9001109600067139, 0.8990597128868103, 0.8919821977615356, 0.8923418521881104, 0.9045504927635193, 0.9053829312324524, 0.8990597128868103, 0.9081291556358337, 0.9039955735206604, 0.8976137638092041, 0.9056969285011292, 0.9047884345054626, 0.9106747508049011, 0.9076026678085327]}