{"loss": [1.7114441135472187, 1.1568249414905507, 1.0664563927188635, 0.9910613585999337, 0.9553888313448144, 0.9531503035315423, 0.9373235913596155, 0.9428257115069016, 0.9159767885295159, 0.9119278498351451, 0.9169833876822042, 0.9344908142918027, 0.9590003243396659, 0.9265895393760126, 0.9346778651072694, 0.9239819599559527, 0.9242558922001218, 0.9674511297611689, 0.9524907527476646, 0.9363541214614185, 0.9585606336137426, 0.9792828157715212, 0.9883231014794099, 0.996815779209137, 0.9695130338125111], "val_loss": [0.8305940658510519, 0.6739566494714846, 0.6332706121096002, 0.49779528347931246, 0.5315805767601282, 0.5638600289821625, 0.5223441547759304, 0.5031228923062396, 0.6106164634227753, 0.5787492602144569, 0.5871020948046629, 0.5330162640185083, 0.5089979545923057, 0.5110932231737129, 0.5511062330611477, 0.48314609219061644, 0.4940543413949958, 0.4929553365917458, 0.563448525157794, 0.5492997266647575, 0.5771416123217948, 0.526724049619641, 0.6266510019218344, 0.5099670227403683, 0.5951549878204446], "val_accuracy": [0.7202643156051636, 0.7768722176551819, 0.7795154452323914, 0.8469163179397583, 0.8365638852119446, 0.8055065870285034, 0.8359031081199646, 0.8414096832275391, 0.7810572981834412, 0.8140969276428223, 0.7986783981323242, 0.8367841243743896, 0.8400881290435791, 0.8493391871452332, 0.8312775492668152, 0.8488986492156982, 0.8515418767929077, 0.8442731499671936, 0.8264316916465759, 0.8299559354782104, 0.8211453557014465, 0.8381057381629944, 0.8235682845115662, 0.8491189479827881, 0.8229075074195862], "accuracy": [0.4782160818576813, 0.6020753383636475, 0.6341624855995178, 0.6661024689674377, 0.6730939149856567, 0.6786134839057922, 0.6867088675498962, 0.6867824792861938, 0.694657027721405, 0.7030467987060547, 0.6978952288627625, 0.696644127368927, 0.6949514150619507, 0.7086399793624878, 0.7048130631446838, 0.7081248164176941, 0.7012805342674255, 0.7002502083778381, 0.7006182074546814, 0.7017956972122192, 0.7042979001998901, 0.7061377763748169, 0.7021636962890625, 0.7047793865203857, 0.703152596950531]}