{"loss": [1.7518854697100865, 1.3267642925653802, 1.1611022279828935, 1.059320677070713, 0.9810070532330493, 0.9336950482253927, 0.8797846161199732, 0.8529127000323596, 0.8125056239272133, 0.7831518396511477, 0.7619412745803393, 0.7413175841587798, 0.725967165404009, 0.6987338595471735, 0.6839667405666658, 0.6710404162902428, 0.6563509240338548, 0.6454020288715582, 0.6318975990226348, 0.622659420033641, 0.61587067272581, 0.6059138180755467, 0.5948568463220223, 0.5872519303761337, 0.5843899398471876, 0.5783157312487517, 0.5705363538674407, 0.5635600804861483, 0.5474754549192267, 0.540578390259163, 0.5300032349193797, 0.5363966577988761, 0.527086702872628, 0.5293479670066148, 0.5189576012125989, 0.5166017436739063, 0.5045783613968289, 0.49932569356606155, 0.49911095182668264, 0.4956570652115861, 0.49490689628609214, 0.4907265180765196, 0.47679258007441055, 0.4761041313330847, 0.4671416584274016, 0.4833236010172173, 0.4766603557720302, 0.4609217766473881, 0.47026837935404175, 0.46272625342726464, 0.4547702052381272, 0.4500376537402728, 0.44712603483913854, 0.4489236995687476, 0.44442736714736203, 0.43937652532865556, 0.43928184379785945, 0.42924098733210514, 0.4339158316026339, 0.43190324107337985, 0.4273055100005832, 0.4287041647840606, 0.4219307550260661, 0.41351801946579375, 0.41633884109993136, 0.4233151209557937, 0.41162804256467256, 0.41510412801204183, 0.4059426594577118, 0.40089738613758363, 0.40436138387704756, 0.39934980449060287, 0.39425849933851664, 0.3895461728529331, 0.39100530800624284, 0.3919028978523943, 0.38759406071955715, 0.38883716282965264, 0.38671902714317463, 0.3830597822214177, 0.38718557856101865, 0.37858867417162295, 0.37743490888751674, 0.3749059805246813, 0.37293376303575376], "val_loss": [1.257430163669166, 1.0415580797300465, 0.9132877615054799, 0.8340853024684385, 0.7432345067877076, 0.7450314443542043, 0.6835024696614774, 0.6268833450283773, 0.6059670810132299, 0.6157655213372822, 0.5587518705670529, 0.5317967430085337, 0.5705523441016411, 0.5423412981012319, 0.5467355769636347, 0.4973888025935001, 0.4939340284742448, 0.4987460531852319, 0.47844996657140454, 0.48367679211011544, 0.4506438207521313, 0.4754771212124089, 0.4469737015894331, 0.42081100846177155, 0.4408670416224896, 0.4150540415673529, 0.4256226196688177, 0.4562329000050801, 0.4110303085280935, 0.42067219977336834, 0.41240408268268935, 0.4163374303983697, 0.3988582630251998, 0.4022660943117436, 0.37000028154923525, 0.3556791676561213, 0.3980952289398546, 0.38851126781644274, 0.3833025049795663, 0.36935273180449063, 0.3926144856450841, 0.38386784789320655, 0.34977525385991065, 0.36459453032405365, 0.36647123836210643, 0.34714502946920855, 0.3331188792699234, 0.34477980016086596, 0.34397597688410253, 0.3383435376677744, 0.3352051649062119, 0.3205476372777628, 0.32044001568256497, 0.35639661999526, 0.35101305642842195, 0.3357332974803605, 0.3292405605316162, 0.32240085796112533, 0.33436260871950224, 0.317054250035517, 0.3289114491004776, 0.3213315699331561, 0.3097990341386081, 0.34241342618076814, 0.30806109290816186, 0.29944993391436103, 0.3078005770229558, 0.3122078029332182, 0.3027032220416132, 0.29781090862687987, 0.30195384507399825, 0.32763750826209653, 0.30377839286421887, 0.3088309940787664, 0.2818331571271241, 0.3039114988585401, 0.28312363996117124, 0.29543469584985976, 0.31317598676629005, 0.31422645923587195, 0.2862968598037039, 0.3114388719791883, 0.27998056199056987, 0.2827585317621147, 0.292299706899122], "accuracy": [0.42515453696250916, 0.5689579248428345, 0.6234912872314453, 0.6535177826881409, 0.6792022585868835, 0.6991463303565979, 0.7100382447242737, 0.722549319267273, 0.7337356209754944, 0.7435237169265747, 0.7511774897575378, 0.7586841583251953, 0.7652340531349182, 0.7714159488677979, 0.7757580280303955, 0.7806888222694397, 0.7815719842910767, 0.7912864089012146, 0.7914336323738098, 0.7939358353614807, 0.7930526733398438, 0.8007065057754517, 0.8052693605422974, 0.8074771761894226, 0.8098322153091431, 0.8070356249809265, 0.8115248680114746, 0.8182219862937927, 0.8203561902046204, 0.8219016790390015, 0.8237500190734863, 0.8223335146903992, 0.8256549835205078, 0.8273476362228394, 0.8309537768363953, 0.8305858373641968, 0.8291139006614685, 0.831689715385437, 0.8333823680877686, 0.8364733457565308, 0.8332352042198181, 0.8378716707229614, 0.8430968523025513, 0.8436856269836426, 0.84471595287323, 0.8378716707229614, 0.84250807762146, 0.8456726670265198, 0.8467029929161072, 0.8454518914222717, 0.8492787480354309, 0.8491315841674805, 0.8498675227165222, 0.8536208271980286, 0.8516337871551514, 0.851928174495697, 0.8528112769126892, 0.8568589687347412, 0.8536208271980286, 0.8609066605567932, 0.8582572937011719, 0.859802782535553, 0.8623049855232239, 0.8641448616981506, 0.8612746596336365, 0.8586252331733704, 0.8665441274642944, 0.8640984296798706, 0.8673830032348633, 0.86701500415802, 0.863850474357605, 0.8680453300476074, 0.8698852062225342, 0.8735648989677429, 0.871062695980072, 0.8706211447715759, 0.8709155321121216, 0.8720194101333618, 0.8718722462654114, 0.875110387802124, 0.8718722462654114, 0.8717986345291138, 0.8757727146148682, 0.8768030405044556, 0.8757727146148682], "val_accuracy": [0.6308370232582092, 0.6649779677391052, 0.7125550508499146, 0.7220264077186584, 0.7603524327278137, 0.7511013150215149, 0.7726871967315674, 0.7982378602027893, 0.8059471249580383, 0.7938326001167297, 0.8270925283432007, 0.8310572504997253, 0.807929515838623, 0.8196035027503967, 0.8140969276428223, 0.8359031081199646, 0.8372246623039246, 0.8268722295761108, 0.8394272923469543, 0.8345814943313599, 0.8517621159553528, 0.8392070531845093, 0.849559485912323, 0.8621145486831665, 0.8491189479827881, 0.8616740107536316, 0.8610132336616516, 0.842070460319519, 0.8607929348945618, 0.8581497669219971, 0.8561673760414124, 0.8557268977165222, 0.8667401075363159, 0.8636564016342163, 0.8801761865615845, 0.8850220441818237, 0.8638766407966614, 0.866960346698761, 0.8665198087692261, 0.8742290735244751, 0.8667401075363159, 0.8693832755088806, 0.8803964853286743, 0.8792951703071594, 0.87533038854599, 0.8872246742248535, 0.8905286192893982, 0.8863435983657837, 0.884361207485199, 0.8881057500839233, 0.8848017454147339, 0.8947136402130127, 0.8938326239585876, 0.8788546323776245, 0.8839207291603088, 0.884361207485199, 0.8852422833442688, 0.8903083801269531, 0.8850220441818237, 0.8929515480995178, 0.8867841362953186, 0.8874449133872986, 0.8975771069526672, 0.883700430393219, 0.8955947160720825, 0.8999999761581421, 0.899118959903717, 0.8942731022834778, 0.9008810520172119, 0.9011013507843018, 0.8971365690231323, 0.8859030604362488, 0.8922907710075378, 0.8955947160720825, 0.9041849970817566, 0.8953744769096375, 0.9037445187568665, 0.899779736995697, 0.8889867663383484, 0.892070472240448, 0.9044052958488464, 0.8918502330780029, 0.907489001750946, 0.9028634428977966, 0.9019823670387268]}