{"loss": [1.2867665994123554, 1.1775665405768367, 1.0809411780049196, 1.0125217084639513, 0.9428226854401381, 0.8816247146161709, 0.8292426930209268, 0.7740272121592864, 0.7319003351607258, 0.7080867115403623, 0.672212266535333, 0.6353983163395885, 0.6182843680918727, 0.5859557959265925, 0.5574341463780024, 0.5316378770434871, 0.5187489761716733, 0.5035766557570333, 0.5034589849166217, 0.48573725634408227, 0.46156914171613295, 0.45705801361631443, 0.4474591615734077, 0.4389004305149745, 0.42470703573874485, 0.38446721299625525, 0.3413697091573017, 0.2945989058643689, 0.26009057573472566, 0.24661972381931477, 0.22481287505153927, 0.2115010145682308, 0.1909345691177807, 0.18288026272671895, 0.17847754864229096, 0.16301039000802117, 0.14795951431245524, 0.1378154357395966, 0.13202553086923163, 0.12809245181672366, 0.1272497070608991, 0.11315891168546502, 0.11658923236728444, 0.1101111755997052, 0.11079408726318668, 0.10545943533338269, 0.10437527935464058, 0.10832939726486346, 0.09425381115994518, 0.09862509760162091, 0.09466426060825696, 0.08889515158997317, 0.08861921566243271, 0.08239397137554652, 0.08221111554218438, 0.08067721634250559, 0.0793219426807798, 0.08250835210591265, 0.0774416989589363, 0.07645359496737636, 0.07874387983702918, 0.06644151488380595, 0.06871298289740392, 0.07106390646946283, 0.07588046956055021, 0.06765347669035597, 0.07225581824396494, 0.061841805088202695, 0.06748236547539985, 0.07035506510767388], "accuracy": [0.3776009678840637, 0.5183598399162292, 0.6435128450393677, 0.6811505556106567, 0.7304161787033081, 0.7588739395141602, 0.7763158082962036, 0.804161548614502, 0.8090575337409973, 0.8148714900016785, 0.8231334090232849, 0.8473072052001953, 0.8323133587837219, 0.8564871549606323, 0.8623011112213135, 0.8592411279678345, 0.8671970367431641, 0.8702570199966431, 0.8745409846305847, 0.874089777469635, 0.8820987939834595, 0.8754590153694153, 0.8849449157714844, 0.884101927280426, 0.885185182094574, 0.8971848487854004, 0.90514075756073, 0.9216646552085876, 0.9311505556106567, 0.9369645118713379, 0.9381884932518005, 0.9452264308929443, 0.9440024495124817, 0.9490291476249695, 0.9462962746620178, 0.9534883499145508, 0.9574663639068604, 0.9623622894287109, 0.9629854559898376, 0.9651234745979309, 0.9626682996749878, 0.9681762456893921, 0.9687882661819458, 0.9690942764282227, 0.9660342931747437, 0.9703182578086853, 0.9694002270698547, 0.9654222726821899, 0.9709302186965942, 0.9755201935768127, 0.9709302186965942, 0.9742962121963501, 0.9718482494354248, 0.9770501852035522, 0.9757281541824341, 0.9742962121963501, 0.979629635810852, 0.9760315418243408, 0.9771605134010315, 0.9773561954498291, 0.9745145440101624, 0.981028139591217, 0.9794981479644775, 0.9780864119529724, 0.9758262038230896, 0.9801101684570312, 0.9758262038230896, 0.981028139591217, 0.9791921377182007, 0.9764381647109985], "val_loss": [1.2254358696785979, 1.1663216620981423, 1.1100491168388553, 1.0725842459866612, 1.031215079906959, 1.0004249914032453, 0.9643538050170816, 0.938343301780867, 0.9174979122847887, 0.8841685532007728, 0.8716344103609617, 0.8682263412332665, 0.8607287841640094, 0.8256064410863628, 0.8215298004089757, 0.8154411070136781, 0.8002461226391424, 0.7818454061715198, 0.7661083615118541, 0.7687947711654407, 0.7473872912460625, 0.7368151733920749, 0.7442242677486777, 0.744268081060439, 0.7190795832607121, 0.6106006900469462, 0.5594149158284623, 0.5216565914959609, 0.49111159799534226, 0.46719389228145175, 0.46441825155124783, 0.4470938863156602, 0.4292437393593853, 0.40705537059759683, 0.4074019305171152, 0.38661767681764536, 0.383386050864418, 0.37381734580586545, 0.37091240349084437, 0.3682354422291228, 0.36412078586088104, 0.361147295497527, 0.3653481190687521, 0.3533567315767723, 0.33751687334408875, 0.3387615575669139, 0.33183822828893983, 0.3346086300361384, 0.31385309359466457, 0.31979095518967976, 0.3242633185204758, 0.3193522144944748, 0.30505668137097336, 0.30453404508104764, 0.30684333141016806, 0.30380759420013775, 0.30635023717984194, 0.30526608851256964, 0.29059465477187235, 0.3112722053298292, 0.30106527298066316, 0.29982157461649717, 0.3008670083616778, 0.29501170585850606, 0.288770031539231, 0.2860961639534658, 0.2965826032163878, 0.28947687898842883, 0.2912912433197236, 0.2891472842236414], "val_accuracy": [0.4931880235671997, 0.5322434306144714, 0.5549500584602356, 0.5776566863059998, 0.5949137210845947, 0.6139872670173645, 0.6412352323532104, 0.6557675004005432, 0.6630336046218872, 0.6802906394004822, 0.6793823838233948, 0.674841046333313, 0.6739327907562256, 0.692098081111908, 0.6948229074478149, 0.6984559297561646, 0.7066303491592407, 0.7102633714675903, 0.7220708727836609, 0.7166212797164917, 0.7311534881591797, 0.7320617437362671, 0.7284287214279175, 0.7247956395149231, 0.7375113368034363, 0.8101725578308105, 0.8283378481864929, 0.8419618606567383, 0.8465031981468201, 0.8546775579452515, 0.8519527912139893, 0.8583106398582458, 0.8610354065895081, 0.8755676746368408, 0.8773841857910156, 0.88101726770401, 0.88101726770401, 0.8855586051940918, 0.8864668607711792, 0.88101726770401, 0.8864668607711792, 0.8855586051940918, 0.8819255232810974, 0.8873751163482666, 0.891008198261261, 0.891008198261261, 0.8919164538383484, 0.891008198261261, 0.8937329649925232, 0.8964577913284302, 0.895549476146698, 0.895549476146698, 0.8991825580596924, 0.8973660469055176, 0.898274302482605, 0.8991825580596924, 0.8964577913284302, 0.8973660469055176, 0.9046321511268616, 0.8991825580596924, 0.9028156399726868, 0.9009990692138672, 0.9019073843955994, 0.9037238955497742, 0.905540406703949, 0.905540406703949, 0.9028156399726868, 0.905540406703949, 0.9019073843955994, 0.9046321511268616]}