{"val_loss": [1.2254358696785979, 1.1663216620981423, 1.1100491168388553, 1.0725842459866612, 1.031215079906959, 1.0004249914032453, 0.9643538050170816, 0.938343301780867, 0.9174979122847887, 0.8841685532007728, 0.8716344103609617, 0.8682263412332665, 0.8607287841640094, 0.8256064410863628, 0.8215298004089757, 0.8154411070136781, 0.8002461226391424, 0.7818454061715198, 0.7661083615118541, 0.7687947711654407, 0.7473872912460625, 0.7368151733920749, 0.7442242677486777, 0.744268081060439, 0.7190795832607121], "accuracy": [0.3776009678840637, 0.5183598399162292, 0.6435128450393677, 0.6811505556106567, 0.7304161787033081, 0.7588739395141602, 0.7763158082962036, 0.804161548614502, 0.8090575337409973, 0.8148714900016785, 0.8231334090232849, 0.8473072052001953, 0.8323133587837219, 0.8564871549606323, 0.8623011112213135, 0.8592411279678345, 0.8671970367431641, 0.8702570199966431, 0.8745409846305847, 0.874089777469635, 0.8820987939834595, 0.8754590153694153, 0.8849449157714844, 0.884101927280426, 0.885185182094574], "val_accuracy": [0.4931880235671997, 0.5322434306144714, 0.5549500584602356, 0.5776566863059998, 0.5949137210845947, 0.6139872670173645, 0.6412352323532104, 0.6557675004005432, 0.6630336046218872, 0.6802906394004822, 0.6793823838233948, 0.674841046333313, 0.6739327907562256, 0.692098081111908, 0.6948229074478149, 0.6984559297561646, 0.7066303491592407, 0.7102633714675903, 0.7220708727836609, 0.7166212797164917, 0.7311534881591797, 0.7320617437362671, 0.7284287214279175, 0.7247956395149231, 0.7375113368034363], "loss": [1.2867665994123554, 1.1775665405768367, 1.0809411780049196, 1.0125217084639513, 0.9428226854401381, 0.8816247146161709, 0.8292426930209268, 0.7740272121592864, 0.7319003351607258, 0.7080867115403623, 0.672212266535333, 0.6353983163395885, 0.6182843680918727, 0.5859557959265925, 0.5574341463780024, 0.5316378770434871, 0.5187489761716733, 0.5035766557570333, 0.5034589849166217, 0.48573725634408227, 0.46156914171613295, 0.45705801361631443, 0.4474591615734077, 0.4389004305149745, 0.42470703573874485]}