{"accuracy": [0.4109323024749756, 0.5366259813308716, 0.6334628462791443, 0.6925638318061829, 0.7244728207588196, 0.7544395327568054, 0.7680355310440063, 0.7885682582855225, 0.8035516142845154, 0.8160377144813538, 0.825194239616394, 0.8371254205703735, 0.8479467034339905, 0.8514933586120605, 0.8516147136688232, 0.8592367172241211, 0.8641425371170044, 0.8679245114326477, 0.8670921325683594, 0.8744469285011292, 0.8751387596130371, 0.8920643925666809, 0.9062153100967407, 0.9114872217178345, 0.9231409430503845, 0.9317424893379211, 0.9331298470497131, 0.9372919201850891, 0.9467258453369141, 0.9439511895179749, 0.9519977569580078, 0.9445061087608337, 0.9544950127601624, 0.9564372897148132, 0.9549225568771362, 0.9537861943244934, 0.9583795666694641, 0.9622641801834106, 0.9668141603469849, 0.967706024646759, 0.9633740186691284, 0.9672585725784302, 0.9628190994262695, 0.9655937552452087, 0.9726216793060303, 0.9649220705032349, 0.9714206457138062, 0.9730854630470276, 0.9683684706687927, 0.9716981053352356, 0.9780799150466919, 0.9686459302902222, 0.9714206457138062, 0.9758601784706116, 0.9748340845108032, 0.9739178419113159, 0.9749442934989929, 0.9755826592445374, 0.9753871560096741, 0.9786348342895508, 0.9793986678123474, 0.9806416034698486, 0.9771714806556702, 0.9764150977134705, 0.9764933586120605, 0.9789122939109802, 0.9785634875297546, 0.9780799150466919, 0.9780799150466919, 0.9789823293685913, 0.9802338480949402, 0.9836836457252502, 0.976137638092041, 0.984131395816803, 0.9814095497131348, 0.9830743670463562, 0.9805771112442017, 0.9833518266677856, 0.9789823293685913, 0.9836292862892151, 0.9838529825210571, 0.9825774431228638, 0.9855234026908875, 0.9839601516723633, 0.9847391843795776, 0.9808546304702759, 0.9849665760993958, 0.9870021939277649, 0.9852449893951416, 0.9872363805770874, 0.985571563243866, 0.9831305146217346, 0.9886237382888794, 0.9880688190460205, 0.9860801696777344, 0.9864040017127991, 0.9853429198265076, 0.9864040017127991, 0.9886237382888794, 0.9891787171363831, 0.9833518266677856, 0.9877913594245911, 0.9832962155342102, 0.9886237382888794, 0.9892145991325378, 0.98834627866745, 0.9875138998031616, 0.9877913594245911, 0.9902885556221008, 0.9866814613342285, 0.986958920955658, 0.990256130695343, 0.9861725568771362, 0.9913984537124634, 0.9888641238212585, 0.988661527633667, 0.9902885556221008, 0.9897336363792419, 0.9897336363792419, 0.9875138998031616, 0.987193763256073], "loss": [1.2526047404413085, 1.1260035354209925, 1.037261198416402, 0.9657164719472583, 0.8900711496715144, 0.8366298233629199, 0.7899370342327673, 0.7365597473265196, 0.708205023960321, 0.6708212686696408, 0.6364831593669082, 0.6062559729543299, 0.5751559507105909, 0.5579307654262644, 0.5420465509185282, 0.5174960159094988, 0.4914732955412769, 0.49222430127045425, 0.47632709327469125, 0.4568680625046249, 0.45521877912781744, 0.40992279302796036, 0.35476816765608454, 0.3133668174158852, 0.2749090951833291, 0.24948938348052505, 0.23444374734236054, 0.2198834490365908, 0.19851572002872378, 0.19386815163126003, 0.16854914893849973, 0.17947827482990897, 0.15876594098175273, 0.1524287863292387, 0.14943872626244495, 0.14593740755936882, 0.1354087175228752, 0.12638812727159454, 0.1208192040665751, 0.11368982381454953, 0.12535221691136883, 0.10901169841499228, 0.12023311075273814, 0.11158322943963697, 0.1009301416641843, 0.11206699094687379, 0.0960576554861635, 0.08963791791196668, 0.10135265390133355, 0.0939126154810984, 0.08076693048983911, 0.08948714924473873, 0.0835702469051463, 0.08231419097057457, 0.08483132804059877, 0.08038995706049372, 0.07893454534041058, 0.07913280298290454, 0.07670270748007878, 0.06896319644697234, 0.07069111727634424, 0.06290670241171543, 0.07377133281582049, 0.07254363908189515, 0.06996212115066242, 0.07094046381714605, 0.06602239414618116, 0.0690172359525132, 0.06739672532431228, 0.0660655032019172, 0.0645437128841877, 0.056466604578844476, 0.0684522143901056, 0.052846912358926905, 0.05522547336863757, 0.05730696590193501, 0.06013272803165143, 0.05503148356500132, 0.05921674724173757, 0.05665457159380008, 0.052766587811300246, 0.0577101114008213, 0.05080407516064251, 0.05027373786191497, 0.04817236630198495, 0.055519513558435124, 0.048087452985304834, 0.04410171584613555, 0.0513791626895921, 0.04322217404842377, 0.04626036909813026, 0.05249344127302149, 0.03951777244497351, 0.04308497051725972, 0.04580298242966058, 0.04340791093654823, 0.04577526123189796, 0.04971869769904114, 0.04212338454219266, 0.04121284503164132, 0.048216126746519754, 0.04169636444456371, 0.04617898780251034, 0.039279295158439156, 0.04042548463943588, 0.0377028784425216, 0.03725576820420504, 0.03858729980298867, 0.034631141594773394, 0.040812385936250105, 0.041141955523062226, 0.031143500117008432, 0.04314083589315085, 0.03229235914162671, 0.033406534550591206, 0.03600074964641404, 0.033806752988223096, 0.031213655716405726, 0.0349921785180274, 0.038144154660197, 0.03548895715961942], "val_accuracy": [0.3899422883987427, 0.4830997586250305, 0.5663644075393677, 0.6059356927871704, 0.6059356927871704, 0.6108821034431458, 0.6248969435691833, 0.6933223605155945, 0.6727122664451599, 0.692497968673706, 0.7172300219535828, 0.7122836112976074, 0.7040395736694336, 0.7295960187911987, 0.7254740595817566, 0.7320692539215088, 0.7353668808937073, 0.7617477178573608, 0.7444353103637695, 0.7370156645774841, 0.7320692539215088, 0.7790601849555969, 0.7922506332397461, 0.8103874921798706, 0.811211884021759, 0.815333902835846, 0.8285242915153503, 0.8375927209854126, 0.8342951536178589, 0.8417147397994995, 0.8458367586135864, 0.8540807962417603, 0.8499587774276733, 0.8524320125579834, 0.859851598739624, 0.8639736175537109, 0.8631492257118225, 0.8647980093955994, 0.866446852684021, 0.8680956363677979, 0.8672712445259094, 0.866446852684021, 0.8697444200515747, 0.8705688118934631, 0.8730420470237732, 0.8730420470237732, 0.87469083070755, 0.8755152225494385, 0.8755152225494385, 0.8771640658378601, 0.878812849521637, 0.8821104764938354, 0.878812849521637, 0.8821104764938354, 0.881286084651947, 0.8829348683357239, 0.8854081034660339, 0.8862324953079224, 0.8887056708335876, 0.8903545141220093, 0.8862324953079224, 0.8920032978057861, 0.8944765329360962, 0.893652081489563, 0.896125316619873, 0.8920032978057861, 0.8953009247779846, 0.8969497084617615, 0.8994229435920715, 0.8985984921455383, 0.9010717272758484, 0.9035449028015137, 0.9027205109596252, 0.9051937460899353, 0.9043693542480469, 0.9060181379318237, 0.8985984921455383, 0.9051937460899353, 0.9018961191177368, 0.90024733543396, 0.9051937460899353, 0.9051937460899353, 0.9060181379318237, 0.9076669216156006, 0.9068425297737122, 0.9068425297737122, 0.9084913730621338, 0.9076669216156006, 0.9068425297737122, 0.9068425297737122, 0.9076669216156006, 0.9060181379318237, 0.9060181379318237, 0.9051937460899353, 0.9060181379318237, 0.9060181379318237, 0.9060181379318237, 0.9060181379318237, 0.9076669216156006, 0.9051937460899353, 0.9093157649040222, 0.9076669216156006, 0.9076669216156006, 0.9093157649040222, 0.9084913730621338, 0.9068425297737122, 0.9084913730621338, 0.9051937460899353, 0.9093157649040222, 0.9101401567459106, 0.9084913730621338, 0.9101401567459106, 0.9117889404296875, 0.9101401567459106, 0.9109645485877991, 0.9117889404296875, 0.9101401567459106, 0.9101401567459106, 0.9101401567459106, 0.9101401567459106, 0.9142621755599976],